path,status,inRepo,repoSource,liveTitle,repoTitle,titleMatch,titleLen,liveDesc,repoDesc,descMatch,descLen,liveCanonical,repoCanonical,liveOgImage,repoOgImage,liveH1Count,liveH1,repoH1,h1Match,liveH2Count,liveH2,contentCoveragePct,h2MissingFromRepo,liveWords,liveImgs,liveImgNoAlt,liveSchema,liveTtfbMs,liveHtmlKB,liveLinksInternal,redirected,finalUrl,metaRobots
/,200,true,route,Montfort Real Estate | New York Realtor,Montfort Real Estate | New York Realtor,true,39,Our Realtors will help you find on and off market NYC real estate that meet your criteria while avoiding costly mistakes during the home buying process.,Our Realtors will help you find on and off market NYC real estate that meet your criteria while avoiding costly mistakes during the home buying process.,true,152,https://montfortre.com/,https://montfortre.com/,,https://montfortre.com/og-home.jpg,1,New York Realtor buying assistance to avoid overpaying for real estate,New York realtor buying assistance to avoid overpaying for real estate,true,15,Get Your Personalized Report || Uh Oh! || Thanks for requesting a free home valuation! || Interested in selling your home? || Are you aware of the hidden cost of buying real estate without a realtor? || Featured Realtor Service Areas || Efficient Realtor Buying Plan || Offered Realtor Services || Offered Realtor Services || Realtor Reviews || Follow us - @stanleymontfort || What’s Included When Working With A Realtor || Current Realtor Listings || Recent News & Realtor Advice || 11 Costly Mistakes Made When Buying a Brownstone,73,Get Your Personalized Report || Are you aware of the hidden cost of buying real estate without a realtor? || Follow us - @stanleymontfort || 11 Costly Mistakes Made When Buying a Brownstone,15042,45,22,RealEstateAgent|WebSite|WebPage|Organization,2308,285.7,155,false,https://montfortre.com/,
/privacy-policy,200,true,route,Privacy Policy | Montfort Real Estate,Privacy Policy | Montfort Real Estate,true,37,,,true,0,https://montfortre.com/privacy-policy/,https://montfortre.com/privacy-policy/,,https://montfortre.com/og-home.jpg,1,Privacy Policy,Privacy Policy,true,0,,,,5960,5,1,Organization|BreadcrumbList|RealEstateAgent|WebPage,2083,97.9,79,false,https://montfortre.com/privacy-policy/,
/home-team,200,false,,Home - Team | Montfort Real Estate,,,34,Welcome to (site name). The best up to date real estate listings and comprehensive neighborhood information for the greater (area of operations) area.,,,150,https://montfortre.com/home-team/,,,,1,Our team is here to guide you along your real estate journey!,,,6,How we deliver better results. || See why dozens of home owners chose to work with us in the past year alone. || Browse through our featured listings. || Start exploring the areas you are interested in! || Read up on local news and real estate advice. || Thinking of selling your home?,,,7346,9,1,Organization|BreadcrumbList|RealEstateAgent|WebPage,1468,153.5,153,false,https://montfortre.com/home-team/,
/why-choose-us,200,false,,Why Choose Us | Montfort Real Estate,,,36,Learn more about (Company Name) and meet the people that make your experience so great. Check out our story here.,,,113,https://montfortre.com/why-choose-us/,,,,1,Why Choose Us?,,,3,How may we assist you today? || Why work with us? || Why settle for less?,,,5703,5,1,Organization|BreadcrumbList|RealEstateAgent|WebPage,1240,102.5,79,false,https://montfortre.com/why-choose-us/,
/success-stories,200,true,route,Success Stories | Montfort Real Estate,Success Stories | Montfort Real Estate,true,38,Read reviews from real clients about what they think of Montfort Real Estate % %,Read reviews from real clients about what they think of Montfort Real Estate % %,true,80,https://montfortre.com/success-stories/,https://montfortre.com/success-stories/,,https://montfortre.com/og-home.jpg,1,Amazing Success Stories,Success stories from New York buyers and sellers,false,0,,,,4292,5,1,Organization|BreadcrumbList|RealEstateAgent|WebPage,939,108.8,80,false,https://montfortre.com/success-stories/,
/upper-west-side-townhouses-for-sale,200,false,,Upper West Side Townhouses for Sale and Rowhouses - Montfort Real Estate,,,72,"Interested in Manhattan Brownstones? Click the link above for the most recent Manhattan Brownstones for sale, and reach out to us for our off-market brownstones.",,,161,https://montfortre.com/upper-west-side-townhouses-for-sale/,,,,1,Scroll down to see exclusive Upper West Side Townhouses for Sale,,,0,,,,1498,2,1,Organization|BreadcrumbList|RealEstateAgent|WebPage,419,59.6,60,false,https://montfortre.com/upper-west-side-townhouses-for-sale/,
/upper-west-side-apartments-for-sale,200,false,,Upper West Side Apartments for Sale | Montfort Real Estate,,,58,,,,0,https://montfortre.com/upper-west-side-apartments-for-sale/,,,,1,Scroll down to see exclusive Upper West Side Apartments for sale,,,0,,,,1507,2,1,Organization|BreadcrumbList|RealEstateAgent|WebPage,839,59,59,false,https://montfortre.com/upper-west-side-apartments-for-sale/,
/harlem-brownstones-for-sale,200,true,route,Harlem Brownstones For Sale - Dream New York Homes Without Overpaying,Harlem Brownstones For Sale - Dream New York Homes Without Overpaying,true,69,"Interested in Harlem Brownstones? Click the link above for the most recent Harlem Brownstones for sale, and reach out to us for our off-market brownstones.","Interested in Harlem Brownstones? Click the link above for the most recent Harlem Brownstones for sale, and reach out to us for our off-market brownstones.",true,155,https://montfortre.com/harlem-brownstones-for-sale/,https://montfortre.com/harlem-brownstones-for-sale/,,https://montfortre.com/redesign-assets/og/harlem.png,1,Scroll down to see exclusive Harlem Brownstones For Sale,Scroll down to see exclusive Harlem Brownstones For Sale,true,0,,,,1529,2,1,Organization|BreadcrumbList|RealEstateAgent|WebPage,715,60.2,62,false,https://montfortre.com/harlem-brownstones-for-sale/,
/124-west-131st-street-2,200,false,,124 West 131st Street | Montfort Real Estate,,,44,124 West 131st Street is a Landmark Brownstone that is Masterfully Reimagined,,,77,https://montfortre.com/124-west-131st-street-2/,,https://assets.agentfire3.com/uploads/sites/312/2025/10/1-6-1024x691.fit.png,,1,124 West 131st Street,,,2,About this property || Want to take a tour of this property?,,,4165,37,24,Organization|BreadcrumbList|RealEstateAgent|Product,1307,126.4,82,false,https://montfortre.com/124-west-131st-street-2/,
/nyc-brownstones-parking,200,false,,NYC Brownstones with Parking - Montfort Real Estate,,,51,Montfort Real Estate is a real estate advisor specializing in providing luxury concierge services for NYC brownstones with parking.,,,131,https://montfortre.com/nyc-brownstones-parking/,,,,1,Looking For An Exclusive Brownstone Or Townhouse with parking?,,,1,Receive exclusive access to off-market and on-market brownstones with parking while there's still inventory.,,,3339,2,1,Organization|BreadcrumbList|RealEstateAgent|WebPage,1447,101.4,61,false,https://montfortre.com/nyc-brownstones-parking/,
/whats-my-home-worth,200,false,,Selling A Home In The New York County Real Estate Market,,,56,Selling a home in New York Countycan be challenging. Our marketing and advertising help you get the most money for your home during the sale process.,,,149,https://montfortre.com/whats-my-home-worth/,,,,1,What's My Home Worth?,,,0,,,,3784,5,1,Organization|BreadcrumbList|RealEstateAgent|WebPage,966,94.2,78,false,https://montfortre.com/whats-my-home-worth/,
/perfect-home-finder,200,false,,Buying A Home In The New York County Real Estate Market,,,55,Buying a home in New York County can be challenging. Find out how we help buyers find their dream home in a competitive market.,,,127,https://montfortre.com/perfect-home-finder/,,,,1,Properties You'll Love,,,0,,,,3777,5,1,Organization|BreadcrumbList|RealEstateAgent|WebPage,1003,93,78,false,https://montfortre.com/perfect-home-finder/,
/100-west-88th-street-4a,200,false,,100 West 88th Street #4A | Montfort Real Estate,,,47,"Upper West Side 2-bedroom co-op for sale at 100 W 88th St, one block from Central Park. Renovated pre-war home with modern kitchen, spa bath & low HDFC maintenance.",,,164,https://montfortre.com/100-west-88th-street-4a/,,https://assets.agentfire3.com/uploads/sites/312/2025/03/1.png,,1,100 West 88th Street #4A,,,2,About this property || Want to take a tour of this property?,,,3986,16,1,Organization|BreadcrumbList|RealEstateAgent|Product,1104,114.6,83,false,https://montfortre.com/100-west-88th-street-4a/,
/108-west-114th-street-4b,200,false,,108 West 114th Street #4B | Montfort Real Estate,,,48,"Renovated 1-bedroom HDFC co-op for sale at 108 W 114th St in Harlem. Near Central Park, subway access, low income restrictions, primary residence required.",,,155,https://montfortre.com/108-west-114th-street-4b/,,https://assets.agentfire3.com/uploads/sites/312/2024/09/108-West-114th-Street-4B.png,,1,108 West 114th Street #4B,,,2,About this property || Want to take a tour of this property?,,,3891,19,1,Organization|BreadcrumbList|RealEstateAgent|Product,1160,114.2,83,false,https://montfortre.com/108-west-114th-street-4b/,
/109-west-122nd-street,200,false,,109 West 122nd Street | Montfort Real Estate,,,44,"South Harlem 2-family Queen Anne brownstone in Mount Morris Park Historic District. 4 stories, unused FAR, original details, development potential.",,,147,https://montfortre.com/109-west-122nd-street/,,https://assets.agentfire3.com/uploads/sites/312/2025/03/DSC9700-1024x683.fit.jpg,,1,109 West 122nd Street,,,2,About this property || Want to take a tour of this property?,,,4083,21,1,Organization|BreadcrumbList|RealEstateAgent|Product,551,119.1,83,false,https://montfortre.com/109-west-122nd-street/,
/111-central-park-north-17abc,200,false,,111 Central Park North #17ABC | Montfort Real Estate,,,52,"Full-floor luxury condo at 111 Central Park North with private elevator, 5,400 sq ft, 360° Central Park views, 6 bedrooms, white-glove services.",,,144,https://montfortre.com/111-central-park-north-17abc/,,https://assets.agentfire3.com/uploads/sites/312/2024/08/111-Central-Park-North-17ABC.png,,1,111 Central Park North #17ABC,,,2,About this property || Want to take a tour of this property?,,,3934,22,1,Organization|BreadcrumbList|RealEstateAgent|Product,514,116.5,84,false,https://montfortre.com/111-central-park-north-17abc/,
/111-west-67th-street-26a,200,false,,111 West 67th Street #26A | Montfort Real Estate,,,48,"Lincoln Square condo at Park Millennium with Central Park views, 4 bedrooms and luxury amenities on the Upper West Side.",,,120,https://montfortre.com/111-west-67th-street-26a/,,https://assets.agentfire3.com/uploads/sites/312/2024/08/111-West-67th-Street-26A.png,,1,111 West 67th Street #26A,,,2,About this property || Want to take a tour of this property?,,,3995,26,1,Organization|BreadcrumbList|RealEstateAgent|Product,878,118.9,84,false,https://montfortre.com/111-west-67th-street-26a/,
/1831-madison-avenue-4g,200,false,,1831 Madison Avenue #4G | Montfort Real Estate,,,46,2BR/2BA HDFC co-op for sale in Harlem across from Marcus Garvey Park. Bright Madison Avenue apartment with building amenities and excellent transportation access.,,,162,https://montfortre.com/1831-madison-avenue-4g/,,,,1,1831 Madison Avenue #4G,,,2,About this property || Want to take a tour of this property?,,,4086,25,1,Organization|BreadcrumbList|RealEstateAgent|Product,416,119.6,84,false,https://montfortre.com/1831-madison-avenue-4g/,
/2040-madison-avenue-4,200,false,,2040 Madison Avenue | Montfort Real Estate,,,42,Gut-renovated Harlem brownstone on Madison Avenue with owner triplex and garden apartment near major subway lines and Central Harlem amenities.,,,143,https://montfortre.com/2040-madison-avenue-4/,,https://assets.agentfire3.com/uploads/sites/312/2024/09/1-2040-Madison-Ave-1024x683.fit.jpg,,1,2040 Madison Avenue,,,2,About this property || Want to take a tour of this property?,,,4200,34,1,Organization|BreadcrumbList|RealEstateAgent|Product,809,127.7,84,false,https://montfortre.com/2040-madison-avenue-4/,
/2150-broadway-8d,200,false,,2150 Broadway #8D | Montfort Real Estate,,,40,"Harlem brownstone for sale on Madison Avenue, gut-renovated with owner triplex and garden apartment near Central Harlem parks, shops and subway lines.",,,150,https://montfortre.com/2150-broadway-8d/,,https://assets.agentfire3.com/uploads/sites/312/2024/08/2150-Broadway-8D.png,,1,2150 Broadway #8D,,,2,About this property || Want to take a tour of this property?,,,4224,24,1,Organization|BreadcrumbList|RealEstateAgent|Product,836,120.9,84,false,https://montfortre.com/2150-broadway-8d/,
/301-west-118th-street-10g,200,false,,301 West 118th Street #10G | Montfort Real Estate,,,49,Harlem 3-bedroom condo with private terrace at SOHA118 near Morningside Park. Bright corner residence with modern finishes and luxury amenities.,,,144,https://montfortre.com/301-west-118th-street-10g/,,https://assets.agentfire3.com/uploads/sites/312/2024/08/301-West-118th-Street-10G.png,,1,301 West 118th Street #10G,,,2,About this property || Want to take a tour of this property?,,,4040,29,1,Organization|BreadcrumbList|RealEstateAgent|Product,842,120.4,84,false,https://montfortre.com/301-west-118th-street-10g/,
/313-west-143rd-street-2a,200,false,,313 West 143rd Street #2A | Montfort Real Estate,,,48,"Harlem 3-bedroom condo with 1,600 sq ft, bright corner layout and oversized windows near A/B/C/D trains at 145th Street. Move-in ready.",,,135,https://montfortre.com/313-west-143rd-street-2a/,,https://assets.agentfire3.com/uploads/sites/312/2025/10/Photo-1-Livingroom-313-West-143rd-St-2A-1024x683.fit.jpg,,1,313 West 143rd Street #2A,,,2,About this property || Want to take a tour of this property?,,,3893,17,1,Organization|BreadcrumbList|RealEstateAgent|Product,830,114.8,82,false,https://montfortre.com/313-west-143rd-street-2a/,
/36-hamilton-terrace,200,false,,36 Hamilton Terrace | Montfort Real Estate,,,42,"Hamilton Terrace townhouse in Harlem with 6 bedrooms, elevator and roof deck. Renovated 20-ft wide home with outdoor space and historic charm.",,,142,https://montfortre.com/36-hamilton-terrace/,,https://assets.agentfire3.com/uploads/sites/312/2022/01/1-6.png,,1,36 Hamilton Terrace,,,2,About this property || Want to take a tour of this property?,,,3838,49,1,Organization|BreadcrumbList|RealEstateAgent|Product,852,126.4,84,false,https://montfortre.com/36-hamilton-terrace/,
/420-west-144th-street,200,false,,420 West 144th Street | Montfort Real Estate,,,44,"Hamilton Heights Historic District townhouse in Harlem with 4 bedrooms, terraces and garden. Elegant 1897 home with luxury finishes and classic charm.",,,150,https://montfortre.com/420-west-144th-street/,,https://assets.agentfire3.com/uploads/sites/312/2024/09/1-420-W-144th-St-1024x683.fit.jpg,,1,420 West 144th Street,,,2,About this property || Want to take a tour of this property?,,,4110,39,1,Organization|BreadcrumbList|RealEstateAgent|Product,847,128.7,84,false,https://montfortre.com/420-west-144th-street/,
/470-columbus-avenue-ph2,200,false,,470 Columbus Avenue #PH2 | Montfort Real Estate,,,47,Upper West Side penthouse with 4 bedrooms and private roof terrace near Central Park. Luxury duplex with expansive outdoor space and skyline views,,,146,https://montfortre.com/470-columbus-avenue-ph2/,,https://assets.agentfire3.com/uploads/sites/312/2024/08/470-Columbus-Avenue-PH2.png,,1,470 Columbus Avenue #PH2,,,2,About this property || Want to take a tour of this property?,,,4316,35,1,Organization|BreadcrumbList|RealEstateAgent|Product,941,126.3,84,false,https://montfortre.com/470-columbus-avenue-ph2/,
/542-cathedral-parkway,200,false,,542 Cathedral Parkway | Montfort Real Estate,,,44,Morningside Heights mixed-use building with free-market units and air rights. Expansion opportunity near Columbia University and Riverside Park.,,,144,https://montfortre.com/542-cathedral-parkway/,,https://assets.agentfire3.com/uploads/sites/312/2024/09/1-542-Catherdral-Parkway-1024x683.fit.jpg,,1,542 Cathedral Parkway,,,2,About this property || Want to take a tour of this property?,,,4042,30,1,Organization|BreadcrumbList|RealEstateAgent|Product,1068,122.6,83,false,https://montfortre.com/542-cathedral-parkway/,
/544-west-148th-street,200,false,,544 West 148th Street | Montfort Real Estate,,,44,"Hamilton Heights townhouse in Harlem with 6 bedrooms, smart home features and 2-family layout. Renovated luxury home with outdoor space.",,,136,https://montfortre.com/544-west-148th-street/,,https://assets.agentfire3.com/uploads/sites/312/2024/09/1-544-West-148th-Street-1024x683.fit.jpg,,1,544 West 148th Street,,,2,About this property || Want to take a tour of this property?,,,3914,54,1,Organization|BreadcrumbList|RealEstateAgent|Product,491,132.8,84,false,https://montfortre.com/544-west-148th-street/,
/554-west-142nd-street,200,false,,554 West 142nd Street | Montfort Real Estate,,,44,Hamilton Heights 3-family brownstone in Harlem with garden and renovated units. Ideal income property or live/work townhouse.,,,125,https://montfortre.com/554-west-142nd-street/,,,,1,554 West 142nd Street,,,2,About this property || Want to take a tour of this property?,,,4094,32,1,Organization|BreadcrumbList|RealEstateAgent|Product,557,124.9,84,false,https://montfortre.com/554-west-142nd-street/,
/607-west-146th-street-2,200,false,,607 West 146th Street | Montfort Real Estate,,,44,Hamilton Heights brownstone near Riverside Drive with owner triplex and garden apartment. Renovated 2-family townhouse with private garden.,,,139,https://montfortre.com/607-west-146th-street-2/,,https://assets.agentfire3.com/uploads/sites/312/2025/03/1607W146-1024x683.fit.jpg,,1,607 West 146th Street,,,2,About this property || Want to take a tour of this property?,,,4064,29,1,Organization|BreadcrumbList|RealEstateAgent|Product,926,122.7,83,false,https://montfortre.com/607-west-146th-street-2/,
/76-west-105th-street-ph,200,false,,76 West 105th Street #PH | Montfort Real Estate,,,47,Upper West Side penthouse near Central Park with 4 bedrooms and private roof deck. Luxury new construction with elevator and terrace.,,,133,https://montfortre.com/76-west-105th-street-ph/,,https://assets.agentfire3.com/uploads/sites/312/2024/09/1-2.jpg,,1,76 West 105th Street #PH,,,2,About this property || Want to take a tour of this property?,,,4074,29,1,Organization|BreadcrumbList|RealEstateAgent|Product,685,122,84,false,https://montfortre.com/76-west-105th-street-ph/,
/76-west-105th-street-thn,200,false,,76 West 105th Street #THN | Montfort Real Estate,,,48,"Upper West Side townhouse near Central Park with 4 bedrooms, private patio and elevator. Luxury new construction with modern design.",,,132,https://montfortre.com/76-west-105th-street-thn/,,https://assets.agentfire3.com/uploads/sites/312/2024/09/1.png,,1,76 West 105th Street #THN,,,2,About this property || Want to take a tour of this property?,,,4128,28,1,Organization|BreadcrumbList|RealEstateAgent|Product,417,122.3,84,false,https://montfortre.com/76-west-105th-street-thn/,
/blog,200,true,route,Blog | Montfort Real Estate,Blog | Montfort Real Estate,true,27,"Explore real estate insights, market trends and expert guides on buying, selling and investing in New York City property.","Explore real estate insights, market trends and expert guides on buying, selling and investing in New York City property.",true,121,https://montfortre.com/blog/,https://montfortre.com/blog/,,https://montfortre.com/og-home.jpg,1,Local News & Advice,News &amp; realtor advice for NYC buyers and sellers,false,0,,,,5083,60,1,Organization|BreadcrumbList|RealEstateAgent|WebPage,650,144.7,243,false,https://montfortre.com/blog/,
/bronx-neighborhoods,200,false,,Bronx Neighborhoods | Montfort Real Estate,,,42,"Explore New York City neighborhoods and discover real estate opportunities across Manhattan, Harlem and the Upper West Side.",,,124,https://montfortre.com/bronx-neighborhoods/,,,,1,Bronx Neighborhoods,,,4,Property Search || Explore the entire area of Bronx || Bronx Neighborhoods || Services That We Offer,,,5415,8,1,Organization|BreadcrumbList|RealEstateAgent|WebPage,630,109.2,86,false,https://montfortre.com/bronx-neighborhoods/,
/brooklyn-neighborhoods,200,false,,Brooklyn Neighborhoods | Montfort Real Estate,,,45,"Explore Brooklyn neighborhoods and discover homes, townhouses and real estate opportunities across New York City’s most dynamic borough.",,,136,https://montfortre.com/brooklyn-neighborhoods/,,,,1,Brooklyn Neighborhoods,,,4,Property Search || Explore the entire area of Brooklyn || Brooklyn Neighborhoods || Services That We Offer,,,5467,8,1,Organization|BreadcrumbList|RealEstateAgent|WebPage,1837,117.7,104,false,https://montfortre.com/brooklyn-neighborhoods/,
/current-listings,200,true,route,Current Listings | Montfort Real Estate,Current Listings | Montfort Real Estate,true,39,"Browse current real estate listings in New York City, including townhouses, condos and investment properties in Harlem and Manhattan.","Browse Montfort Real Estate’s current Harlem and Manhattan listings — townhouses, condos, and co-ops selected by Stanley Montfort.",false,133,https://montfortre.com/current-listings/,https://montfortre.com/current-listings/,,https://montfortre.com/og-home.jpg,0,,Current Listings,,0,,,,4831,5,1,Organization|BreadcrumbList|RealEstateAgent|WebPage,531,114.3,79,false,https://montfortre.com/current-listings/,
/harlem-condos-for-sale,200,false,,Harlem Condos For Sale | Montfort Real Estate,,,45,"Browse condos for sale in New York City, including Harlem and Manhattan listings with modern amenities and prime locations.",,,123,https://montfortre.com/harlem-condos-for-sale/,,https://assets.agentfire3.com/uploads/sites/312/2022/08/BedStuy-New-York-NYC-Brownstone.png,,1,Scroll down to see exclusive Harlem Condos for Sale,,,0,,,,1501,2,1,Organization|BreadcrumbList|RealEstateAgent|WebPage,529,59.7,58,false,https://montfortre.com/harlem-condos-for-sale/,
/470-columbus-avenue-garden,200,false,,470 Columbus Avenue #GARDEN | Montfort Real Estate,,,50,Upper West Side condo with private garden terrace and 4 bedrooms. Luxury sustainable residence at Charlotte near Central Park.,,,126,https://montfortre.com/470-columbus-avenue-garden/,,https://assets.agentfire3.com/uploads/sites/312/2024/08/470-Columbus-Avenue-GARDEN.png,,1,470 Columbus Avenue #GARDEN,,,2,About this property || Want to take a tour of this property?,,,4298,32,1,Organization|BreadcrumbList|RealEstateAgent|Product,499,124.9,84,false,https://montfortre.com/470-columbus-avenue-garden/,
/meet-the-team,200,false,,Meet The Team | Montfort Real Estate,,,36,"Meet the Montfort Real Estate team, experienced professionals dedicated to helping you buy, sell and invest in New York City real estate.",,,137,https://montfortre.com/meet-the-team/,,,,1,Meet Our Team,,,1,Stanley Montfort,,,3619,10,1,Organization|BreadcrumbList|RealEstateAgent|WebPage,660,89.8,113,false,https://montfortre.com/meet-the-team/,
/nyc-brownstones-with-roof-deck,200,false,,NYC Brownstones with Roof Deck - Montfort Real Estate,,,53,Looking for a brownstone or townhouse with roof deck in NYC? Explore exclusive listings across Harlem and Manhattan with premium outdoor space.,,,143,https://montfortre.com/nyc-brownstones-with-roof-deck/,,,,1,Looking For An Exclusive Brownstone Or Townhouse with roof deck?,,,1,Receive exclusive access to off-market and on-market brownstones with roof deck while there's still inventory.,,,3318,2,1,Organization|BreadcrumbList|RealEstateAgent|WebPage,661,100.7,57,false,https://montfortre.com/nyc-brownstones-with-roof-deck/,
/helpful-guides,200,false,,Helpful Guides | Montfort Real Estate,,,37,"Learn how to buy real estate like a pro in New York City with expert tips, strategies and guidance for making smart property decisions.",,,135,https://montfortre.com/helpful-guides/,,,,1,What would you like to know?,,,6,I want to learn how to buy like a pro! || Free Buyer's Guide || Comprehensive Real EstateBuyer's Guide || I want to sell & upsize into a bigger home! || Free Seller's Guide || Comprehensive Real EstateSeller's Guide,,,4949,11,1,Organization|BreadcrumbList|RealEstateAgent|WebPage,663,106.3,78,false,https://montfortre.com/helpful-guides/,
/investment-criteria,200,false,,Investment Criteria | Montfort Real Estate,,,42,"Investment criteria focused on underperforming assets and opportunistic real estate deals, unlocking value through strategy and market expertise.",,,145,https://montfortre.com/investment-criteria/,,,,1,Investment Criteria,,,1,Multifamilies & Non-performing Loans,,,4650,5,1,Organization|BreadcrumbList|RealEstateAgent|WebPage,744,95.6,78,false,https://montfortre.com/investment-criteria/,
/manhattan-neighborhoods,200,false,,Manhattan Neighborhoods | Montfort Real Estate,,,46,"Explore Manhattan neighborhoods with area guides, listings, market trends and insights to help you find the perfect place to call home.",,,135,https://montfortre.com/manhattan-neighborhoods/,,,,1,Manhattan Neighborhoods,,,4,Property Search || Explore the entire area of Manhattan || Manhattan Neighborhoods || Services That We Offer,,,5570,8,1,Organization|BreadcrumbList|RealEstateAgent|WebPage,832,121.9,112,false,https://montfortre.com/manhattan-neighborhoods/,
/newsletter,200,false,,Newsletter | Montfort Real Estate,,,33,"Stay updated on new listings, market trends and real estate opportunities in your area. Subscribe to our NYC real estate newsletter",,,131,https://montfortre.com/newsletter/,,,,1,Find out what is happening in [area name] this [month]!,,,2,[Month's] Market Report Is Here 🎉 || Featured Listings,,,3509,3,1,Organization|BreadcrumbList|RealEstateAgent|WebPage,422,82.9,26,false,https://montfortre.com/newsletter/,
/queens-neighborhoods,200,false,,Queens Neighborhoods | Montfort Real Estate,,,43,"Explore Queens neighborhoods with area guides, listings, market trends and insights to help you find the perfect home in New York City.",,,135,https://montfortre.com/queens-neighborhoods/,,,,1,Queens Neighborhoods,,,4,Property Search || Explore the entire area of Queens || Queens Neighborhoods || Services That We Offer,,,5426,8,1,Organization|BreadcrumbList|RealEstateAgent|WebPage,698,109,85,false,https://montfortre.com/queens-neighborhoods/,
/sitemap,200,true,route,Sitemap | Montfort Real Estate,Sitemap | Montfort Real Estate,true,30,"Browse the sitemap of Montfort Real Estate to explore all pages, listings, neighborhoods and resources across New York City real estate.","Browse the sitemap of Montfort Real Estate to explore all pages, listings, neighborhoods and resources across New York City real estate.",true,136,https://montfortre.com/sitemap/,https://montfortre.com/sitemap/,,https://montfortre.com/og-home.jpg,1,Sitemap,Sitemap,true,6,Pages || Our Listings || Featured Upper West Side & Harlem Homes For Sale || Our Team || Posts by category || IDX Pages,50,Our Listings || Featured Upper West Side & Harlem Homes For Sale || Posts by category,4676,5,1,Organization|BreadcrumbList|RealEstateAgent|WebPage,653,125.1,406,false,https://montfortre.com/sitemap/,
/thank-you,200,false,,Thank you | Montfort Real Estate,,,32,Thank you for your submission. A member of our team will contact you shortly to assist with your real estate needs in New York City.,,,132,https://montfortre.com/thank-you/,,,,1,Thank you!,,,0,,,,3442,5,1,Organization|BreadcrumbList|RealEstateAgent|WebPage,656,82.2,78,false,https://montfortre.com/thank-you/,
/the-definitive-guide-on-how-to-upsize-into-a-new-home,200,false,,The Definitive Guide On How To Upsize Into A New Home | Montfort Real Estate,,,76,"Learn how to upsize into a new home with expert tips on selling, buying and managing the transition to a larger property.",,,121,https://montfortre.com/the-definitive-guide-on-how-to-upsize-into-a-new-home/,,,,1,The Definitive Guide On How To Upsize Into A New Home,,,8,"Do you NEED to upsize or do you WANT to upsize? || What to look for in a larger home? || Find an Agent || Determine how much home you can afford || Should you buy your new home first, or sell your old home first? || Prepare your home to sell || Be prepared to take action || In Conclusion",,,6258,12,1,Organization|BreadcrumbList|RealEstateAgent|Article,755,109.4,79,false,https://montfortre.com/the-definitive-guide-on-how-to-upsize-into-a-new-home/,
/the-essential-guide-on-how-to-buy-like-a-pro,200,false,,The Essential Guide On How To Buy Like A Pro | Montfort Real Estate,,,67,"Learn how to buy real estate like a pro with expert tips on finding deals, negotiating and securing the best properties in your market.",,,135,https://montfortre.com/the-essential-guide-on-how-to-buy-like-a-pro/,,,,1,The Essential Guide On How To Buy Like A Pro,,,12,Leverage the Power of the Internet || Find The Right Lender and Mortgage For You || Be the first (or last) to make an offer || Ask the Seller to pay closing costs || Shop during the slow season || Look into bank-foreclosed properties || Drive for dollars || Look into new and pre-construction developments || Look into tax-delinquent homes || Get in touch with real estate wholesalers || Hire an Amazing Real Estate Agent! || In Conclusion,,,6525,16,1,Organization|BreadcrumbList|RealEstateAgent|Article,767,116.4,79,false,https://montfortre.com/the-essential-guide-on-how-to-buy-like-a-pro/,
/14-west-121st-street,200,false,,14 West 121st Street | Montfort Real Estate,,,43,14 West 121st Street stands 20 feet wide and extends 55 feet deep on one of the most sought-after blocks in the Mt Morris Park Historic District in Harlem.,,,155,https://montfortre.com/14-west-121st-street/,,https://assets.agentfire3.com/uploads/sites/312/2025/10/Listing-Photo-9h-14-West-121st-St-1-1-683x1024.fit.jpg,,1,14 West 121st Street,,,2,About this property || Want to take a tour of this property?,,,3972,27,1,Organization|BreadcrumbList|RealEstateAgent|Product,359,120.3,82,false,https://montfortre.com/14-west-121st-street/,
/481-west-145th-street,200,false,,481 West 145th Street | Montfort Real Estate,,,44,"Hamilton Heights 3-family townhouse with owner duplex, rental units, parking and air rights. Renovated Harlem property with gardens.",,,132,https://montfortre.com/481-west-145th-street/,,https://assets.agentfire3.com/uploads/sites/312/2025/03/1481w145-1024x683.fit.jpg,,1,481 West 145th Street,,,2,About this property || Want to take a tour of this property?,,,3999,42,1,Organization|BreadcrumbList|RealEstateAgent|Product,637,125.6,83,false,https://montfortre.com/481-west-145th-street/,
/64-east-111th-street-806,200,false,,64 East 111th Street #806 | Montfort Real Estate,,,48,,,,0,https://montfortre.com/64-east-111th-street-806/,,https://assets.agentfire3.com/uploads/sites/312/2026/04/64-East-111th-Street-806-1024x679.fit.png,,1,64 East 111th Street #806,,,2,About this property || Want to take a tour of this property?,,,3999,29,1,Organization|BreadcrumbList|RealEstateAgent|Product,684,120.3,83,false,https://montfortre.com/64-east-111th-street-806/,
/neighborhoods,200,true,route,Neighborhoods | Montfort Real Estate,Neighborhoods | Montfort Real Estate,true,36,"Explore NYC neighborhoods across Manhattan and Brooklyn. Compare lifestyle, pricing, architecture, and real estate opportunities with Montfort Real Estate.","Explore NYC neighborhoods across Manhattan and Brooklyn. Compare lifestyle, pricing, architecture, and real estate opportunities with Montfort Real Estate.",true,155,https://montfortre.com/neighborhoods/,https://montfortre.com/neighborhoods/,,https://montfortre.com/og-home.jpg,1,"NYC Neighborhoods — Expert Local Insights for Buyers, Sellers & Investors","NYC Neighborhoods — Expert Local Insights for Buyers, Sellers & Investors",true,42,Explore NYC Neighborhoods with Confidence || Harlem Brownstones Realtor || Harlem Condos Realtor || Harlem Co-Ops Realtor || Harlem SROs Realtor || Harlem Co-Ownership Realtor || Upper West Side Townhouses Realtor || Upper West Side Condos Realtor || Upper West Side Co-Ops Realtor || Upper East Side Townhouses Realtor || Upper East Side Condos Realtor || Upper East Side Co-Ops Realtor || Chelsea Townhouses Realtor || Chelsea Condos Realtor || Chelsea Co-Ops Realtor || Downtown Brooklyn Condos Realtor || Downtown Brooklyn Co-Ops Realtor || Dumbo Condos Realtor || Dumbo Co-Ops Realtor || Brooklyn Heights Townhouses Realtor || Brooklyn Heights Condos Realtor || Brooklyn Heights Co-Ops Realtor || Bedford stuyvesant Brownstones Realtor || Bedford stuyvesant Condos Realtor || Bedford stuyvesant Co-Ops Realtor || Bedford stuyvesant SROs Realtor || Bedford stuyvesant Co-Ownership Realtor || Williamsburg Brownstones Realtor || Williamsburg Condos Realtor || Williamsburg Co-Ops Realtor || Williamsburg Co-Ownership Realtor || Crown Heights Brownstones Realtor || Crown Heights Condos Realtor || Crown Heights Co-Ops Realtor || Crown Heights SROs Realtor || Crown Heights Co-Ownership Realtor || Park Slope Brownstones Realtor || Park Slope Condos Realtor || Park Slope Co-Ops Realtor || Park Slope Co-Ownership Realtor || Park Slope SRO Realtor || Recent News & Realtor Advice,100,,10855,45,1,Organization|BreadcrumbList|RealEstateAgent|WebPage,2252,207.7,175,true,https://montfortre.com/neighborhoods/,
/service-page-template,200,false,,Service Page Template | Montfort Real Estate,,,44,,,,0,https://montfortre.com/service-page-template/,,,,1,The New York City Real Estate Suite,,,2,Heading || Title,,,4004,5,1,Organization|BreadcrumbList|RealEstateAgent|WebPage,646,95.2,85,false,https://montfortre.com/service-page-template/,
/neighborhoods,200,true,route,Neighborhoods | Montfort Real Estate,Neighborhoods | Montfort Real Estate,true,36,"Explore NYC neighborhoods across Manhattan and Brooklyn. Compare lifestyle, pricing, architecture, and real estate opportunities with Montfort Real Estate.","Explore NYC neighborhoods across Manhattan and Brooklyn. Compare lifestyle, pricing, architecture, and real estate opportunities with Montfort Real Estate.",true,155,https://montfortre.com/neighborhoods/,https://montfortre.com/neighborhoods/,,https://montfortre.com/og-home.jpg,1,"NYC Neighborhoods — Expert Local Insights for Buyers, Sellers & Investors","NYC Neighborhoods — Expert Local Insights for Buyers, Sellers & Investors",true,42,Explore NYC Neighborhoods with Confidence || Harlem Brownstones Realtor || Harlem Condos Realtor || Harlem Co-Ops Realtor || Harlem SROs Realtor || Harlem Co-Ownership Realtor || Upper West Side Townhouses Realtor || Upper West Side Condos Realtor || Upper West Side Co-Ops Realtor || Upper East Side Townhouses Realtor || Upper East Side Condos Realtor || Upper East Side Co-Ops Realtor || Chelsea Townhouses Realtor || Chelsea Condos Realtor || Chelsea Co-Ops Realtor || Downtown Brooklyn Condos Realtor || Downtown Brooklyn Co-Ops Realtor || Dumbo Condos Realtor || Dumbo Co-Ops Realtor || Brooklyn Heights Townhouses Realtor || Brooklyn Heights Condos Realtor || Brooklyn Heights Co-Ops Realtor || Bedford stuyvesant Brownstones Realtor || Bedford stuyvesant Condos Realtor || Bedford stuyvesant Co-Ops Realtor || Bedford stuyvesant SROs Realtor || Bedford stuyvesant Co-Ownership Realtor || Williamsburg Brownstones Realtor || Williamsburg Condos Realtor || Williamsburg Co-Ops Realtor || Williamsburg Co-Ownership Realtor || Crown Heights Brownstones Realtor || Crown Heights Condos Realtor || Crown Heights Co-Ops Realtor || Crown Heights SROs Realtor || Crown Heights Co-Ownership Realtor || Park Slope Brownstones Realtor || Park Slope Condos Realtor || Park Slope Co-Ops Realtor || Park Slope Co-Ownership Realtor || Park Slope SRO Realtor || Recent News & Realtor Advice,100,,10855,45,1,Organization|BreadcrumbList|RealEstateAgent|WebPage,809,207.7,175,true,https://montfortre.com/neighborhoods/,
/mortgage-calculator,200,true,route,Mortgage Calculator | Montfort Real Estate,NYC Mortgage Calculator | Montfort Real Estate,false,42,"Use our mortgage calculator to estimate monthly payments, interest rates and affordability when buying real estate in New York City.","Use our mortgage calculator to estimate monthly payments, interest rates and affordability when buying real estate in New York City.",true,132,https://montfortre.com/mortgage-calculator/,https://montfortre.com/mortgage-calculator/,,https://montfortre.com/og-home.jpg,2,Mortgage Calculator — Plan Your Home Purchase with Confidence || NYC Mortgage Calculator: Complete Guide for New York City Home Buyers,NYC Mortgage Calculator — Plan Your Home Purchase with Confidence || NYC Mortgage Calculator: Complete Guide for New York City Home Buyers,false,17,Expert NYC Mortgage Calculator and Home Buying Guidance || Why NYC Home Buyers Need a Specialized Mortgage Calculator || NYC Mortgage Calculator Services || Top 10 NYC Mortgage Cost Factors to Consider || How to Use the NYC Mortgage Calculator || Customer Success Stories || Frequently Asked Questions || Get Started with Your NYC Mortgage Calculation || Mortgage Calculator || + Add Extra Payments || Payment Breakdown || Customize your mortgage payment || Total Of All Payments || Amortization Schedule || Mortgage Payoff Date: || Payment breakdown as of || Recent News & Realtor Advice,100,,11601,9,1,Service|WebApplication|FAQPage|BreadcrumbList|Organization|RealEstateAgent|WebPage,1358,192.1,90,true,https://montfortre.com/mortgage-calculator/,
/contact,200,false,,Contact | Montfort Real Estate,,,30,"In a digital world, it’s nice to connect in person. Let’s schedule a time to talk. We are happy to answer your questions.",,,121,https://montfortre.com/contact/,,,,1,Let's Chat About Your Goals,,,1,Areas We Serve,,,3826,5,1,Organization|BreadcrumbList|RealEstateAgent|WebPage,352,93,81,false,https://montfortre.com/contact/,
/featured-upper-west-side-and-harlem-homes-for-sale/manhattan/midtown,200,false,,Midtown | Montfort Real Estate,,,30,"Welcome to Midtown. In this guide we will explore the local market including listings, schools, businesses, and more.",,,117,https://montfortre.com/featured-upper-west-side-and-harlem-homes-for-sale/manhattan/midtown/,,https://assets.agentfire3.com/uploads/sites/312/2021/06/midtown.png,,1,Midtown,,,4,Want the full market report for Midtown? || Schools In The Area || Around The Area || Local News & Advice,,,4644,10,1,Organization|BreadcrumbList|RealEstateAgent,757,154.4,97,false,https://montfortre.com/featured-upper-west-side-and-harlem-homes-for-sale/manhattan/midtown/,
/featured-upper-west-side-and-harlem-homes-for-sale/gramercy,200,false,,Gramercy | Montfort Real Estate,,,31,"Welcome to Gramercy. In this guide we will explore the local market including listings, schools, businesses, and more.",,,118,https://montfortre.com/featured-upper-west-side-and-harlem-homes-for-sale/gramercy/,,https://assets.agentfire3.com/uploads/sites/312/2021/06/gramercy.png,,1,Gramercy,,,5,Featured Listings || Want the full market report for Gramercy? || Schools In The Area || Around The Area || Local News & Advice,,,4467,10,1,Organization|BreadcrumbList|RealEstateAgent,473,140.1,98,false,https://montfortre.com/featured-upper-west-side-and-harlem-homes-for-sale/gramercy/,
/featured-upper-west-side-and-harlem-homes-for-sale/hells-kitchen,200,false,,Hell's Kitchen | Montfort Real Estate,,,37,"Welcome to Hell's Kitchen. In this guide we will explore the local market including listings, schools, businesses, and more.",,,124,https://montfortre.com/featured-upper-west-side-and-harlem-homes-for-sale/hells-kitchen/,,https://assets.agentfire3.com/uploads/sites/312/2021/06/hells-kitchen.png,,1,Hell's Kitchen,,,4,Want the full market report for Hell's Kitchen? || Schools In The Area || Around The Area || Local News & Advice,,,4610,10,1,Organization|BreadcrumbList|RealEstateAgent,567,144.8,97,false,https://montfortre.com/featured-upper-west-side-and-harlem-homes-for-sale/hells-kitchen/,
/featured-upper-west-side-and-harlem-homes-for-sale/manhattan/lower-east-side,200,false,,Lower East Side | Montfort Real Estate,,,38,"Welcome to Lower East Side. In this guide we will explore the local market including listings, schools, businesses, and more.",,,125,https://montfortre.com/featured-upper-west-side-and-harlem-homes-for-sale/manhattan/lower-east-side/,,https://assets.agentfire3.com/uploads/sites/312/2021/06/lower-east-side.png,,1,Lower East Side,,,4,Want the full market report for Lower East Side? || Schools In The Area || Around The Area || Local News & Advice,,,4658,10,1,Organization|BreadcrumbList|RealEstateAgent,1139,145.1,97,false,https://montfortre.com/featured-upper-west-side-and-harlem-homes-for-sale/manhattan/lower-east-side/,
/featured-upper-west-side-and-harlem-homes-for-sale/manhattan/financial-district,200,false,,Financial District | Montfort Real Estate,,,41,"Welcome to Financial District. In this guide we will explore the local market including listings, schools, businesses, and more.",,,128,https://montfortre.com/featured-upper-west-side-and-harlem-homes-for-sale/manhattan/financial-district/,,https://assets.agentfire3.com/uploads/sites/312/2021/06/financial-district.png,,1,Financial District,,,4,Want the full market report for Financial District? || Schools In The Area || Around The Area || Local News & Advice,,,4651,10,1,Organization|BreadcrumbList|RealEstateAgent,504,148.1,98,false,https://montfortre.com/featured-upper-west-side-and-harlem-homes-for-sale/manhattan/financial-district/,
/featured-upper-west-side-and-harlem-homes-for-sale/battery-park,200,false,,Battery Park | Montfort Real Estate,,,35,"In the beautiful area of Battery Park resides 14,070 people where 27% are homeowners. With an average age of 41, the residents of Battery Park are well established, with many growing families of all ages. Over the recent months roughly 26 homes have been sold with an average sold price of $1,328,096. That is an increase of $265,588 from the previous period.",,,359,https://montfortre.com/featured-upper-west-side-and-harlem-homes-for-sale/battery-park/,,https://assets.agentfire3.com/uploads/sites/312/2021/06/battery-park.png,,1,Battery Park,,,4,Want the full market report for Battery Park? || Schools In The Area || Around The Area || Local News & Advice,,,4610,10,1,Organization|BreadcrumbList|RealEstateAgent,508,143.3,98,false,https://montfortre.com/featured-upper-west-side-and-harlem-homes-for-sale/battery-park/,
/featured-upper-west-side-and-harlem-homes-for-sale/brooklyn-homes/clinton-hill,200,false,,Clinton Hill | Montfort Real Estate,,,35,"Welcome to Clinton Hill. In this guide we will explore the local market including listings, schools, businesses, and more.",,,122,https://montfortre.com/featured-upper-west-side-and-harlem-homes-for-sale/brooklyn-homes/clinton-hill/,,https://assets.agentfire3.com/uploads/sites/312/2021/06/clinton-hill.png,,1,Clinton Hill,,,4,Want the full market report for Clinton Hill? || Schools In The Area || Around The Area || Local News & Advice,,,4636,10,1,Organization|BreadcrumbList|RealEstateAgent,1025,142.2,97,false,https://montfortre.com/featured-upper-west-side-and-harlem-homes-for-sale/brooklyn-homes/clinton-hill/,
/featured-upper-west-side-and-harlem-homes-for-sale/brooklyn-homes/carroll-gardens,200,false,,Carroll Gardens | Montfort Real Estate,,,38,"Welcome to Carroll Gardens. In this guide we will explore the local market including listings, schools, businesses, and more.",,,125,https://montfortre.com/featured-upper-west-side-and-harlem-homes-for-sale/brooklyn-homes/carroll-gardens/,,https://assets.agentfire3.com/uploads/sites/312/2021/06/carroll-gardens.png,,1,Carroll Gardens,,,4,Want the full market report for Carroll Gardens? || Schools In The Area || Around The Area || Local News & Advice,,,4637,10,1,Organization|BreadcrumbList|RealEstateAgent,905,142.9,97,false,https://montfortre.com/featured-upper-west-side-and-harlem-homes-for-sale/brooklyn-homes/carroll-gardens/,
/featured-upper-west-side-and-harlem-homes-for-sale/brooklyn-homes/bushwick,200,false,,Bushwick | Montfort Real Estate,,,31,"Welcome to Bushwick. In this guide we will explore the local market including listings, schools, businesses, and more.",,,118,https://montfortre.com/featured-upper-west-side-and-harlem-homes-for-sale/brooklyn-homes/bushwick/,,https://assets.agentfire3.com/uploads/sites/312/2021/06/bushwick.png,,1,Bushwick,,,4,Want the full market report for Bushwick? || Schools In The Area || Around The Area || Local News & Advice,,,4632,10,1,Organization|BreadcrumbList|RealEstateAgent,519,144.3,97,false,https://montfortre.com/featured-upper-west-side-and-harlem-homes-for-sale/brooklyn-homes/bushwick/,
/featured-upper-west-side-and-harlem-homes-for-sale/brooklyn-homes/park-slope,200,false,,Park Slope | Montfort Real Estate,,,33,"Welcome to Park Slope. In this guide we will explore the local market including listings, schools, businesses, and more.",,,120,https://montfortre.com/featured-upper-west-side-and-harlem-homes-for-sale/brooklyn-homes/park-slope/,,https://assets.agentfire3.com/uploads/sites/312/2021/06/park-slope.png,,1,Park Slope,,,4,Want the full market report for Park Slope? || Schools In The Area || Around The Area || Local News & Advice,,,4637,10,1,Organization|BreadcrumbList|RealEstateAgent,777,145.4,97,false,https://montfortre.com/featured-upper-west-side-and-harlem-homes-for-sale/brooklyn-homes/park-slope/,
/featured-upper-west-side-and-harlem-homes-for-sale/queens/long-island-city,200,false,,Long Island City | Montfort Real Estate,,,39,"Welcome to Long Island City. In this guide we will explore the local market including listings, schools, businesses, and more.",,,126,https://montfortre.com/featured-upper-west-side-and-harlem-homes-for-sale/queens/long-island-city/,,https://assets.agentfire3.com/uploads/sites/312/2021/06/long-island-city.png,,1,Long Island City,,,4,Want the full market report for Long Island City? || Schools In The Area || Around The Area || Local News & Advice,,,4619,10,1,Organization|BreadcrumbList|RealEstateAgent,697,141.7,97,false,https://montfortre.com/featured-upper-west-side-and-harlem-homes-for-sale/queens/long-island-city/,
/featured-upper-west-side-and-harlem-homes-for-sale/bronx,200,false,,Bronx | Montfort Real Estate,,,28,"In the fantastic area of Bronx you’ll be in good company with around 1,362,201 residents with around 21% of those homeowners. With an average age of 36, the residents of Bronx are well established, made up of families of all age groups. Though fairly kicked back throughout the week, during weekends and holidays, you can see a lot more activity and excitement. Over the recent months roughly 660 homes have been sold with an average sold price of $723,204. That is a decrease of $12,607 from the previous period.",,,513,https://montfortre.com/featured-upper-west-side-and-harlem-homes-for-sale/bronx/,,https://assets.agentfire3.com/uploads/sites/312/2021/06/renan-kamikoga-eK2la0EJ9Ts-unsplash-1.jpg,,1,Bronx,,,4,Want the full market report for Bronx? || Schools In The Area || Around The Area || Local News & Advice,,,4635,10,1,Organization|BreadcrumbList|RealEstateAgent,1281,157,97,false,https://montfortre.com/featured-upper-west-side-and-harlem-homes-for-sale/bronx/,
/featured-upper-west-side-and-harlem-homes-for-sale/bronx/melrose,200,false,,Melrose | Montfort Real Estate,,,30,"In the beautiful area of Melrose resides 23,805 people where 8% are homeowners. With an average age of 32, it’s a fairly young and energetic area, with many of them starting new families. Over the recent months roughly 4 homes have been sold with an average sold price of $659,461. That is an increase of $263,961 from the previous period.",,,339,https://montfortre.com/featured-upper-west-side-and-harlem-homes-for-sale/bronx/melrose/,,https://assets.agentfire3.com/uploads/sites/312/2021/06/melrose.png,,1,Melrose,,,4,Want the full market report for Melrose? || Schools In The Area || Around The Area || Local News & Advice,,,4602,10,1,Organization|BreadcrumbList|RealEstateAgent,710,140.7,97,false,https://montfortre.com/featured-upper-west-side-and-harlem-homes-for-sale/bronx/melrose/,
/featured-upper-west-side-and-harlem-homes-for-sale/queens/astoria,200,false,,Astoria | Montfort Real Estate,,,30,"Welcome to Astoria. In this guide we will explore the local market including listings, schools, businesses, and more.",,,117,https://montfortre.com/featured-upper-west-side-and-harlem-homes-for-sale/queens/astoria/,,https://assets.agentfire3.com/uploads/sites/312/2021/06/astoria.png,,1,Astoria,,,4,Want the full market report for Astoria? || Schools In The Area || Around The Area || Local News & Advice,,,4603,10,1,Organization|BreadcrumbList|RealEstateAgent,439,142.4,97,false,https://montfortre.com/featured-upper-west-side-and-harlem-homes-for-sale/queens/astoria/,
/featured-upper-west-side-and-harlem-homes-for-sale/bronx/mott-haven-homes,200,false,,Mott Haven | Montfort Real Estate,,,33,"Welcome to Mott Haven. In this guide we will explore the local market including listings, schools, businesses, and more.",,,120,https://montfortre.com/featured-upper-west-side-and-harlem-homes-for-sale/bronx/mott-haven-homes/,,https://assets.agentfire3.com/uploads/sites/312/2021/06/mott-haven.png,,1,Mott Haven,,,4,Want the full market report for Mott Haven? || Schools In The Area || Around The Area || Local News & Advice,,,4609,10,1,Organization|BreadcrumbList|RealEstateAgent,1050,141.2,97,false,https://montfortre.com/featured-upper-west-side-and-harlem-homes-for-sale/bronx/mott-haven-homes/,
/featured-upper-west-side-and-harlem-homes-for-sale/manhattan/washington-heights,200,false,,Washington Heights | Montfort Real Estate,,,41,"Welcome to Washington Heights. In this guide we will explore the local market including listings, schools, businesses, and more.",,,128,https://montfortre.com/featured-upper-west-side-and-harlem-homes-for-sale/manhattan/washington-heights/,,https://assets.agentfire3.com/uploads/sites/312/2021/06/washington-heights.png,,1,Washington Heights,,,4,Want the full market report for Washington Heights? || Schools In The Area || Around The Area || Local News & Advice,,,4652,10,1,Organization|BreadcrumbList|RealEstateAgent,593,157.3,97,false,https://montfortre.com/featured-upper-west-side-and-harlem-homes-for-sale/manhattan/washington-heights/,
/featured-upper-west-side-and-harlem-homes-for-sale/bronx/morrisania,200,false,,Morrisania | Montfort Real Estate,,,33,"In the beautiful area of Morrisania resides 65,572 people where 8% are homeowners. With an average age of 33, it’s a fairly young and energetic area, with many of them starting new families. Over the recent months roughly 11 homes have been sold with an average sold price of $934,045. That is a decrease of $29,191 from the previous period.",,,341,https://montfortre.com/featured-upper-west-side-and-harlem-homes-for-sale/bronx/morrisania/,,https://assets.agentfire3.com/uploads/sites/312/2021/06/morrisania.png,,1,Morrisania,,,4,Want the full market report for Morrisania? || Schools In The Area || Around The Area || Local News & Advice,,,4602,10,1,Organization|BreadcrumbList|RealEstateAgent,301,142.6,97,false,https://montfortre.com/featured-upper-west-side-and-harlem-homes-for-sale/bronx/morrisania/,
/featured-upper-west-side-and-harlem-homes-for-sale/bronx/concourse,200,false,,Concourse | Montfort Real Estate,,,32,"In the beautiful area of Concourse resides 48,718 people where 14% are homeowners. With an average age of 36, the residents of Concourse are well established, with many growing families of all ages. Over the recent months roughly 9 homes have been sold with an average sold price of $692,071. That is a decrease of $35,036 from the previous period.",,,348,https://montfortre.com/featured-upper-west-side-and-harlem-homes-for-sale/bronx/concourse/,,https://assets.agentfire3.com/uploads/sites/312/2021/06/concourse.png,,1,Concourse,,,4,Want the full market report for Concourse? || Schools In The Area || Around The Area || Local News & Advice,,,4602,10,1,Organization|BreadcrumbList|RealEstateAgent,836,143.3,97,false,https://montfortre.com/featured-upper-west-side-and-harlem-homes-for-sale/bronx/concourse/,
/featured-upper-west-side-and-harlem-homes-for-sale/brooklyn-homes,200,false,,Brooklyn | Montfort Real Estate,,,31,"Welcome to Brooklyn. In this guide we will explore the local market including listings, schools, businesses, and more.",,,118,https://montfortre.com/featured-upper-west-side-and-harlem-homes-for-sale/brooklyn-homes/,,https://assets.agentfire3.com/uploads/sites/312/2021/06/lerone-pieters-ILL3G4bMp38-unsplash-1.jpg,,1,Brooklyn,,,4,Want the full market report for Brooklyn? || Schools In The Area || Around The Area || Local News & Advice,,,4654,10,1,Organization|BreadcrumbList|RealEstateAgent,947,290.6,97,false,https://montfortre.com/featured-upper-west-side-and-harlem-homes-for-sale/brooklyn-homes/,
/featured-upper-west-side-and-harlem-homes-for-sale/brooklyn-homes/fort-greene,200,false,,Fort Greene | Montfort Real Estate,,,34,"Welcome to Fort Greene. In this guide we will explore the local market including listings, schools, businesses, and more.",,,121,https://montfortre.com/featured-upper-west-side-and-harlem-homes-for-sale/brooklyn-homes/fort-greene/,,https://assets.agentfire3.com/uploads/sites/312/2021/06/fort-greene.png,,1,Fort Greene,,,4,Want the full market report for Fort Greene? || Schools In The Area || Around The Area || Local News & Advice,,,4637,10,1,Organization|BreadcrumbList|RealEstateAgent,436,142.3,97,false,https://montfortre.com/featured-upper-west-side-and-harlem-homes-for-sale/brooklyn-homes/fort-greene/,
/featured-upper-west-side-and-harlem-homes-for-sale/brooklyn-homes/prospect-heights,200,false,,Prospect Heights | Montfort Real Estate,,,39,"Welcome to Prospect Heights. In this guide we will explore the local market including listings, schools, businesses, and more.",,,126,https://montfortre.com/featured-upper-west-side-and-harlem-homes-for-sale/brooklyn-homes/prospect-heights/,,https://assets.agentfire3.com/uploads/sites/312/2021/06/prospect-heights.png,,1,Prospect Heights,,,4,Want the full market report for Prospect Heights? || Schools In The Area || Around The Area || Local News & Advice,,,4637,10,1,Organization|BreadcrumbList|RealEstateAgent,532,142.5,97,false,https://montfortre.com/featured-upper-west-side-and-harlem-homes-for-sale/brooklyn-homes/prospect-heights/,
/featured-upper-west-side-and-harlem-homes-for-sale/brooklyn-homes/boerum-hill,200,false,,Boerum Hill | Montfort Real Estate,,,34,"Welcome to Boerum Hill. In this guide we will explore the local market including listings, schools, businesses, and more.",,,121,https://montfortre.com/featured-upper-west-side-and-harlem-homes-for-sale/brooklyn-homes/boerum-hill/,,https://assets.agentfire3.com/uploads/sites/312/2021/06/boerum-hill.png,,1,Boerum Hill,,,4,Want the full market report for Boerum Hill? || Schools In The Area || Around The Area || Local News & Advice,,,4637,10,1,Organization|BreadcrumbList|RealEstateAgent,689,141.8,97,false,https://montfortre.com/featured-upper-west-side-and-harlem-homes-for-sale/brooklyn-homes/boerum-hill/,
/featured-upper-west-side-and-harlem-homes-for-sale/brooklyn-homes/cobble-hill,200,false,,Cobble Hill | Montfort Real Estate,,,34,"Welcome to Cobble Hill. In this guide we will explore the local market including listings, schools, businesses, and more.",,,121,https://montfortre.com/featured-upper-west-side-and-harlem-homes-for-sale/brooklyn-homes/cobble-hill/,,https://assets.agentfire3.com/uploads/sites/312/2021/06/cobble-hill.png,,1,Cobble Hill,,,4,Want the full market report for Cobble Hill? || Schools In The Area || Around The Area || Local News & Advice,,,4637,10,1,Organization|BreadcrumbList|RealEstateAgent,1034,141.4,97,false,https://montfortre.com/featured-upper-west-side-and-harlem-homes-for-sale/brooklyn-homes/cobble-hill/,
/featured-upper-west-side-and-harlem-homes-for-sale/brooklyn-homes/gowanus,200,false,,Gowanus | Montfort Real Estate,,,30,"Welcome to Gowanus. In this guide we will explore the local market including listings, schools, businesses, and more.",,,117,https://montfortre.com/featured-upper-west-side-and-harlem-homes-for-sale/brooklyn-homes/gowanus/,,https://assets.agentfire3.com/uploads/sites/312/2021/06/gowanus.png,,1,Gowanus,,,4,Want the full market report for Gowanus? || Schools In The Area || Around The Area || Local News & Advice,,,4629,10,1,Organization|BreadcrumbList|RealEstateAgent,787,146,97,false,https://montfortre.com/featured-upper-west-side-and-harlem-homes-for-sale/brooklyn-homes/gowanus/,
/featured-upper-west-side-and-harlem-homes-for-sale/brooklyn-homes/red-hook,200,false,,Red Hook | Montfort Real Estate,,,31,"Welcome to Red Hook. In this guide we will explore the local market including listings, schools, businesses, and more.",,,118,https://montfortre.com/featured-upper-west-side-and-harlem-homes-for-sale/brooklyn-homes/red-hook/,,https://assets.agentfire3.com/uploads/sites/312/2021/06/red-hook.png,,1,Red Hook,,,4,Want the full market report for Red Hook? || Schools In The Area || Around The Area || Local News & Advice,,,4637,10,1,Organization|BreadcrumbList|RealEstateAgent,537,145,97,false,https://montfortre.com/featured-upper-west-side-and-harlem-homes-for-sale/brooklyn-homes/red-hook/,
/featured-upper-west-side-and-harlem-homes-for-sale/brooklyn-homes/east-new-york,200,false,,East New York | Montfort Real Estate,,,36,"Welcome to East New York. In this guide we will explore the local market including listings, schools, businesses, and more.",,,123,https://montfortre.com/featured-upper-west-side-and-harlem-homes-for-sale/brooklyn-homes/east-new-york/,,https://assets.agentfire3.com/uploads/sites/312/2021/06/east-new-york-1.png,,1,East New York,,,4,Want the full market report for East New York? || Schools In The Area || Around The Area || Local News & Advice,,,4643,10,1,Organization|BreadcrumbList|RealEstateAgent,785,143.4,97,false,https://montfortre.com/featured-upper-west-side-and-harlem-homes-for-sale/brooklyn-homes/east-new-york/,
/featured-upper-west-side-and-harlem-homes-for-sale/brooklyn-homes/flatbush,200,false,,Flatbush | Montfort Real Estate,,,31,"Welcome to Flatbush. In this guide we will explore the local market including listings, schools, businesses, and more.",,,118,https://montfortre.com/featured-upper-west-side-and-harlem-homes-for-sale/brooklyn-homes/flatbush/,,https://assets.agentfire3.com/uploads/sites/312/2021/06/flatbush.png,,1,Flatbush,,,4,Want the full market report for Flatbush? || Schools In The Area || Around The Area || Local News & Advice,,,4629,10,1,Organization|BreadcrumbList|RealEstateAgent,898,146,97,false,https://montfortre.com/featured-upper-west-side-and-harlem-homes-for-sale/brooklyn-homes/flatbush/,
/featured-upper-west-side-and-harlem-homes-for-sale/brooklyn-homes/prospect-lefferts-gardens,200,false,,Prospect Lefferts Gardens | Montfort Real Estate,,,48,"Welcome to Prospect Lefferts Gardens. In this guide we will explore the local market including listings, schools, businesses, and more.",,,135,https://montfortre.com/featured-upper-west-side-and-harlem-homes-for-sale/brooklyn-homes/prospect-lefferts-gardens/,,https://assets.agentfire3.com/uploads/sites/312/2021/06/prospect-lefferts-gardens.png,,1,Prospect Lefferts Gardens,,,4,Want the full market report for Prospect Lefferts Gardens? || Schools In The Area || Around The Area || Local News & Advice,,,4645,10,1,Organization|BreadcrumbList|RealEstateAgent,516,143.6,97,false,https://montfortre.com/featured-upper-west-side-and-harlem-homes-for-sale/brooklyn-homes/prospect-lefferts-gardens/,
/featured-upper-west-side-and-harlem-homes-for-sale/brooklyn-homes/prospect-park-south,200,false,,Prospect Park South | Montfort Real Estate,,,42,"Welcome to Prospect Park South. In this guide we will explore the local market including listings, schools, businesses, and more.",,,129,https://montfortre.com/featured-upper-west-side-and-harlem-homes-for-sale/brooklyn-homes/prospect-park-south/,,https://assets.agentfire3.com/uploads/sites/312/2021/06/prospect-park-south.png,,1,Prospect Park South,,,4,Want the full market report for Prospect Park South? || Schools In The Area || Around The Area || Local News & Advice,,,4645,10,1,Organization|BreadcrumbList|RealEstateAgent,840,143.6,98,false,https://montfortre.com/featured-upper-west-side-and-harlem-homes-for-sale/brooklyn-homes/prospect-park-south/,
/featured-upper-west-side-and-harlem-homes-for-sale/brooklyn-homes/windsor-terrace,200,false,,Windsor Terrace | Montfort Real Estate,,,38,"Welcome to Windsor Terrace. In this guide we will explore the local market including listings, schools, businesses, and more.",,,125,https://montfortre.com/featured-upper-west-side-and-harlem-homes-for-sale/brooklyn-homes/windsor-terrace/,,https://assets.agentfire3.com/uploads/sites/312/2021/06/windsor-terrace.png,,1,Windsor Terrace,,,4,Want the full market report for Windsor Terrace? || Schools In The Area || Around The Area || Local News & Advice,,,4637,10,1,Organization|BreadcrumbList|RealEstateAgent,844,143,97,false,https://montfortre.com/featured-upper-west-side-and-harlem-homes-for-sale/brooklyn-homes/windsor-terrace/,
/featured-upper-west-side-and-harlem-homes-for-sale/manhattan,200,false,,Manhattan | Montfort Real Estate,,,32,"Welcome to Manhattan. In this guide we will explore the local market including listings, schools, businesses, and more.",,,119,https://montfortre.com/featured-upper-west-side-and-harlem-homes-for-sale/manhattan/,,https://assets.agentfire3.com/uploads/sites/312/2021/06/jesse-echevarria-4MIfAsQsS8-unsplash-1.jpg,,1,Manhattan,,,4,Want the full market report for Manhattan? || Schools In The Area || Around The Area || Local News & Advice,,,4635,10,1,Organization|BreadcrumbList|RealEstateAgent,2341,237.8,100,false,https://montfortre.com/featured-upper-west-side-and-harlem-homes-for-sale/manhattan/,
/featured-upper-west-side-and-harlem-homes-for-sale/manhattan/east-harlem,200,false,,East Harlem | Montfort Real Estate,,,34,"Welcome to East Harlem. In this guide we will explore the local market including listings, schools, businesses, and more.",,,121,https://montfortre.com/featured-upper-west-side-and-harlem-homes-for-sale/manhattan/east-harlem/,,https://assets.agentfire3.com/uploads/sites/312/2021/06/east-harlem.png,,1,East Harlem,,,4,Want the full market report for East Harlem? || Schools In The Area || Around The Area || Local News & Advice,,,4652,10,1,Organization|BreadcrumbList|RealEstateAgent,310,149.3,99,false,https://montfortre.com/featured-upper-west-side-and-harlem-homes-for-sale/manhattan/east-harlem/,
/featured-upper-west-side-and-harlem-homes-for-sale/manhattan/manhattanville,200,false,,Manhattanville | Montfort Real Estate,,,37,"Welcome to Manhattanville. In this guide we will explore the local market including listings, schools, businesses, and more.",,,124,https://montfortre.com/featured-upper-west-side-and-harlem-homes-for-sale/manhattan/manhattanville/,,https://assets.agentfire3.com/uploads/sites/312/2021/06/manhattanville.png,,1,Manhattanville,,,4,Want the full market report for Manhattanville? || Schools In The Area || Around The Area || Local News & Advice,,,4644,10,1,Organization|BreadcrumbList|RealEstateAgent,577,146,98,false,https://montfortre.com/featured-upper-west-side-and-harlem-homes-for-sale/manhattan/manhattanville/,
/featured-upper-west-side-and-harlem-homes-for-sale/manhattan/morningside-heights,200,false,,Morningside Heights | Montfort Real Estate,,,42,"Welcome to Morningside Heights. In this guide we will explore the local market including listings, schools, businesses, and more.",,,129,https://montfortre.com/featured-upper-west-side-and-harlem-homes-for-sale/manhattan/morningside-heights/,,https://assets.agentfire3.com/uploads/sites/312/2021/06/morningside-heights.png,,1,Morningside Heights,,,4,Want the full market report for Morningside Heights? || Schools In The Area || Around The Area || Local News & Advice,,,4651,10,1,Organization|BreadcrumbList|RealEstateAgent,593,145.9,97,false,https://montfortre.com/featured-upper-west-side-and-harlem-homes-for-sale/manhattan/morningside-heights/,
/featured-upper-west-side-and-harlem-homes-for-sale/manhattan/hamilton-heights,200,false,,Hamilton Heights | Montfort Real Estate,,,39,"Welcome to Hamilton Heights. In this guide we will explore the local market including listings, schools, businesses, and more.",,,126,https://montfortre.com/featured-upper-west-side-and-harlem-homes-for-sale/manhattan/hamilton-heights/,,https://assets.agentfire3.com/uploads/sites/312/2021/06/hamilton-heights.png,,1,Hamilton Heights,,,4,Want the full market report for Hamilton Heights? || Schools In The Area || Around The Area || Local News & Advice,,,4652,10,1,Organization|BreadcrumbList|RealEstateAgent,578,147.8,97,false,https://montfortre.com/featured-upper-west-side-and-harlem-homes-for-sale/manhattan/hamilton-heights/,
/featured-upper-west-side-and-harlem-homes-for-sale/manhattan/lincoln-square,200,false,,Lincoln Square | Montfort Real Estate,,,37,"Welcome to Lincoln Square. In this guide we will explore the local market including listings, schools, businesses, and more.",,,124,https://montfortre.com/featured-upper-west-side-and-harlem-homes-for-sale/manhattan/lincoln-square/,,https://assets.agentfire3.com/uploads/sites/312/2021/06/lincoln-square.png,,1,Lincoln Square,,,4,Want the full market report for Lincoln Square? || Schools In The Area || Around The Area || Local News & Advice,,,4652,10,1,Organization|BreadcrumbList|RealEstateAgent,578,148.8,97,false,https://montfortre.com/featured-upper-west-side-and-harlem-homes-for-sale/manhattan/lincoln-square/,
/featured-upper-west-side-and-harlem-homes-for-sale/manhattan/midtown-west,200,false,,Midtown West | Montfort Real Estate,,,35,"Welcome to Midtown West. In this guide we will explore the local market including listings, schools, businesses, and more.",,,122,https://montfortre.com/featured-upper-west-side-and-harlem-homes-for-sale/manhattan/midtown-west/,,https://assets.agentfire3.com/uploads/sites/312/2021/06/midtown-west.png,,1,Midtown West,,,5,Featured Listings || Want the full market report for Midtown West? || Schools In The Area || Around The Area || Local News & Advice,,,4516,10,1,Organization|BreadcrumbList|RealEstateAgent,1108,147.2,97,false,https://montfortre.com/featured-upper-west-side-and-harlem-homes-for-sale/manhattan/midtown-west/,
/featured-upper-west-side-and-harlem-homes-for-sale/manhattan/midtown-east,200,false,,Midtown East | Montfort Real Estate,,,35,"Welcome to Midtown East. In this guide we will explore the local market including listings, schools, businesses, and more.",,,122,https://montfortre.com/featured-upper-west-side-and-harlem-homes-for-sale/manhattan/midtown-east/,,https://assets.agentfire3.com/uploads/sites/312/2021/06/midtown-east.png,,1,Midtown East,,,4,Want the full market report for Midtown East? || Schools In The Area || Around The Area || Local News & Advice,,,4652,10,1,Organization|BreadcrumbList|RealEstateAgent,678,146.1,97,false,https://montfortre.com/featured-upper-west-side-and-harlem-homes-for-sale/manhattan/midtown-east/,
/featured-upper-west-side-and-harlem-homes-for-sale/manhattan/murray-hill,200,false,,Murray Hill | Montfort Real Estate,,,34,"Welcome to Murray Hill. In this guide we will explore the local market including listings, schools, businesses, and more.",,,121,https://montfortre.com/featured-upper-west-side-and-harlem-homes-for-sale/manhattan/murray-hill/,,https://assets.agentfire3.com/uploads/sites/312/2021/06/murray-hill.png,,1,Murray Hill,,,4,Want the full market report for Murray Hill? || Schools In The Area || Around The Area || Local News & Advice,,,4652,10,1,Organization|BreadcrumbList|RealEstateAgent,278,144.1,97,false,https://montfortre.com/featured-upper-west-side-and-harlem-homes-for-sale/manhattan/murray-hill/,
/featured-upper-west-side-and-harlem-homes-for-sale/manhattan/hudson-yards,200,false,,Hudson Yards | Montfort Real Estate,,,35,"Welcome to Hudson Yards. In this guide we will explore the local market including listings, schools, businesses, and more.",,,122,https://montfortre.com/featured-upper-west-side-and-harlem-homes-for-sale/manhattan/hudson-yards/,,https://assets.agentfire3.com/uploads/sites/312/2021/06/hudson-yards.png,,1,Hudson Yards,,,5,Featured Listings || Want the full market report for Hudson Yards? || Schools In The Area || Around The Area || Local News & Advice,,,4516,10,1,Organization|BreadcrumbList|RealEstateAgent,557,141.2,97,false,https://montfortre.com/featured-upper-west-side-and-harlem-homes-for-sale/manhattan/hudson-yards/,
/featured-upper-west-side-and-harlem-homes-for-sale/manhattan/kips-bay,200,false,,Kips Bay | Montfort Real Estate,,,31,"Welcome to Kips Bay. In this guide we will explore the local market including listings, schools, businesses, and more.",,,118,https://montfortre.com/featured-upper-west-side-and-harlem-homes-for-sale/manhattan/kips-bay/,,https://assets.agentfire3.com/uploads/sites/312/2021/06/kips-bay.png,,1,Kips Bay,,,4,Want the full market report for Kips Bay? || Schools In The Area || Around The Area || Local News & Advice,,,4652,10,1,Organization|BreadcrumbList|RealEstateAgent,677,145.3,97,false,https://montfortre.com/featured-upper-west-side-and-harlem-homes-for-sale/manhattan/kips-bay/,
/featured-upper-west-side-and-harlem-homes-for-sale/manhattan/nomad,200,false,,NoMad | Montfort Real Estate,,,28,"Welcome to NoMad. In this guide we will explore the local market including listings, schools, businesses, and more.",,,115,https://montfortre.com/featured-upper-west-side-and-harlem-homes-for-sale/manhattan/nomad/,,https://assets.agentfire3.com/uploads/sites/312/2021/06/nomad.png,,1,NoMad,,,4,Want the full market report for NoMad? || Schools In The Area || Around The Area || Local News & Advice,,,4644,10,1,Organization|BreadcrumbList|RealEstateAgent,630,142.4,97,false,https://montfortre.com/featured-upper-west-side-and-harlem-homes-for-sale/manhattan/nomad/,
/featured-upper-west-side-and-harlem-homes-for-sale/manhattan/flatiron,200,false,,Flatiron | Montfort Real Estate,,,31,"Welcome to Flatiron. In this guide we will explore the local market including listings, schools, businesses, and more.",,,118,https://montfortre.com/featured-upper-west-side-and-harlem-homes-for-sale/manhattan/flatiron/,,https://assets.agentfire3.com/uploads/sites/312/2021/06/flatiron.png,,1,Flatiron,,,4,Want the full market report for Flatiron? || Schools In The Area || Around The Area || Local News & Advice,,,4644,10,1,Organization|BreadcrumbList|RealEstateAgent,768,143.2,97,false,https://montfortre.com/featured-upper-west-side-and-harlem-homes-for-sale/manhattan/flatiron/,
/featured-upper-west-side-and-harlem-homes-for-sale/manhattan/gramercy-park,200,false,,Gramercy Park | Montfort Real Estate,,,36,"Welcome to Gramercy Park. In this guide we will explore the local market including listings, schools, businesses, and more.",,,123,https://montfortre.com/featured-upper-west-side-and-harlem-homes-for-sale/manhattan/gramercy-park/,,https://assets.agentfire3.com/uploads/sites/312/2021/06/gramercy-park.png,,1,Gramercy Park,,,4,Want the full market report for Gramercy Park? || Schools In The Area || Around The Area || Local News & Advice,,,4651,10,1,Organization|BreadcrumbList|RealEstateAgent,503,144.8,97,false,https://montfortre.com/featured-upper-west-side-and-harlem-homes-for-sale/manhattan/gramercy-park/,
/featured-upper-west-side-and-harlem-homes-for-sale/manhattan/alphabet-city,200,false,,Alphabet City | Montfort Real Estate,,,36,"Welcome to Alphabet City. In this guide we will explore the local market including listings, schools, businesses, and more.",,,123,https://montfortre.com/featured-upper-west-side-and-harlem-homes-for-sale/manhattan/alphabet-city/,,https://assets.agentfire3.com/uploads/sites/312/2021/06/alphabet-city.png,,1,Alphabet City,,,4,Want the full market report for Alphabet City? || Schools In The Area || Around The Area || Local News & Advice,,,4652,10,1,Organization|BreadcrumbList|RealEstateAgent,1110,145.6,97,false,https://montfortre.com/featured-upper-west-side-and-harlem-homes-for-sale/manhattan/alphabet-city/,
/featured-upper-west-side-and-harlem-homes-for-sale/manhattan/east-village,200,false,,East Village | Montfort Real Estate,,,35,"Welcome to East Village. In this guide we will explore the local market including listings, schools, businesses, and more.",,,122,https://montfortre.com/featured-upper-west-side-and-harlem-homes-for-sale/manhattan/east-village/,,https://assets.agentfire3.com/uploads/sites/312/2021/06/east-village.png,,1,East Village,,,4,Want the full market report for East Village? || Schools In The Area || Around The Area || Local News & Advice,,,4652,10,1,Organization|BreadcrumbList|RealEstateAgent,607,147.2,97,false,https://montfortre.com/featured-upper-west-side-and-harlem-homes-for-sale/manhattan/east-village/,
/featured-upper-west-side-and-harlem-homes-for-sale/manhattan/west-village,200,false,,West Village | Montfort Real Estate,,,35,"Welcome to West Village. In this guide we will explore the local market including listings, schools, businesses, and more.",,,122,https://montfortre.com/featured-upper-west-side-and-harlem-homes-for-sale/manhattan/west-village/,,https://assets.agentfire3.com/uploads/sites/312/2021/06/west-village.png,,1,West Village,,,4,Want the full market report for West Village? || Schools In The Area || Around The Area || Local News & Advice,,,4652,10,1,Organization|BreadcrumbList|RealEstateAgent,697,145.8,97,false,https://montfortre.com/featured-upper-west-side-and-harlem-homes-for-sale/manhattan/west-village/,
/featured-upper-west-side-and-harlem-homes-for-sale/manhattan/noho,200,false,,NoHo | Montfort Real Estate,,,27,"Welcome to NoHo. In this guide we will explore the local market including listings, schools, businesses, and more.",,,114,https://montfortre.com/featured-upper-west-side-and-harlem-homes-for-sale/manhattan/noho/,,https://assets.agentfire3.com/uploads/sites/312/2021/06/noho.png,,1,NoHo,,,4,Want the full market report for NoHo? || Schools In The Area || Around The Area || Local News & Advice,,,4644,10,1,Organization|BreadcrumbList|RealEstateAgent,887,142.7,97,false,https://montfortre.com/featured-upper-west-side-and-harlem-homes-for-sale/manhattan/noho/,
/featured-upper-west-side-and-harlem-homes-for-sale/manhattan/soho,200,false,,SoHo | Montfort Real Estate,,,27,"Welcome to SoHo. In this guide we will explore the local market including listings, schools, businesses, and more.",,,114,https://montfortre.com/featured-upper-west-side-and-harlem-homes-for-sale/manhattan/soho/,,https://assets.agentfire3.com/uploads/sites/312/2021/06/soho.png,,1,SoHo,,,4,Want the full market report for SoHo? || Schools In The Area || Around The Area || Local News & Advice,,,4644,10,1,Organization|BreadcrumbList|RealEstateAgent,929,142.9,97,false,https://montfortre.com/featured-upper-west-side-and-harlem-homes-for-sale/manhattan/soho/,
/featured-upper-west-side-and-harlem-homes-for-sale/manhattan/nolita,200,false,,NoLita | Montfort Real Estate,,,29,"Welcome to NoLita. In this guide we will explore the local market including listings, schools, businesses, and more.",,,116,https://montfortre.com/featured-upper-west-side-and-harlem-homes-for-sale/manhattan/nolita/,,https://assets.agentfire3.com/uploads/sites/312/2021/06/nolita.png,,1,NoLita,,,4,Want the full market report for NoLita? || Schools In The Area || Around The Area || Local News & Advice,,,4644,10,1,Organization|BreadcrumbList|RealEstateAgent,902,142.8,97,false,https://montfortre.com/featured-upper-west-side-and-harlem-homes-for-sale/manhattan/nolita/,
/featured-upper-west-side-and-harlem-homes-for-sale/manhattan/chinatown,200,false,,Chinatown | Montfort Real Estate,,,32,"Welcome to Chinatown. In this guide we will explore the local market including listings, schools, businesses, and more.",,,119,https://montfortre.com/featured-upper-west-side-and-harlem-homes-for-sale/manhattan/chinatown/,,https://assets.agentfire3.com/uploads/sites/312/2021/06/chinatown.png,,1,Chinatown,,,4,Want the full market report for Chinatown? || Schools In The Area || Around The Area || Local News & Advice,,,4644,10,1,Organization|BreadcrumbList|RealEstateAgent,1034,145.9,97,false,https://montfortre.com/featured-upper-west-side-and-harlem-homes-for-sale/manhattan/chinatown/,
/featured-upper-west-side-and-harlem-homes-for-sale/manhattan/tribeca,200,false,,Tribeca | Montfort Real Estate,,,30,"Welcome to Tribeca. In this guide we will explore the local market including listings, schools, businesses, and more.",,,117,https://montfortre.com/featured-upper-west-side-and-harlem-homes-for-sale/manhattan/tribeca/,,https://assets.agentfire3.com/uploads/sites/312/2021/06/tribeca.png,,1,Tribeca,,,4,Want the full market report for Tribeca? || Schools In The Area || Around The Area || Local News & Advice,,,4644,10,1,Organization|BreadcrumbList|RealEstateAgent,689,144.1,97,false,https://montfortre.com/featured-upper-west-side-and-harlem-homes-for-sale/manhattan/tribeca/,
/featured-upper-west-side-and-harlem-homes-for-sale/manhattan/battery-park-city,200,false,,Battery Park City | Montfort Real Estate,,,40,"Welcome to Battery Park City. In this guide we will explore the local market including listings, schools, businesses, and more.",,,127,https://montfortre.com/featured-upper-west-side-and-harlem-homes-for-sale/manhattan/battery-park-city/,,https://assets.agentfire3.com/uploads/sites/312/2021/06/battery-park-city.png,,1,Battery Park City,,,4,Want the full market report for Battery Park City? || Schools In The Area || Around The Area || Local News & Advice,,,4660,10,1,Organization|BreadcrumbList|RealEstateAgent,1056,146.3,97,false,https://montfortre.com/featured-upper-west-side-and-harlem-homes-for-sale/manhattan/battery-park-city/,
/featured-upper-west-side-and-harlem-homes-for-sale/queens,200,false,,Queens | Montfort Real Estate,,,29,"Welcome to Queens. In this guide we will explore the local market including listings, schools, businesses, and more.",,,116,https://montfortre.com/featured-upper-west-side-and-harlem-homes-for-sale/queens/,,https://assets.agentfire3.com/uploads/sites/312/2021/06/luca-bravo-fPoSK5XeyHw-unsplash-1.jpg,,1,Queens,,,4,Want the full market report for Queens? || Schools In The Area || Around The Area || Local News & Advice,,,4655,10,1,Organization|BreadcrumbList|RealEstateAgent,1221,165.7,97,false,https://montfortre.com/featured-upper-west-side-and-harlem-homes-for-sale/queens/,
/featured-upper-west-side-and-harlem-homes-for-sale/queens/ditmars-steinway,200,false,,Ditmars Steinway | Montfort Real Estate,,,39,"Welcome to Ditmars Steinway. In this guide we will explore the local market including listings, schools, businesses, and more.",,,126,https://montfortre.com/featured-upper-west-side-and-harlem-homes-for-sale/queens/ditmars-steinway/,,https://assets.agentfire3.com/uploads/sites/312/2021/07/ditmars-steinway.png,,1,Ditmars Steinway,,,4,Want the full market report for Ditmars Steinway? || Schools In The Area || Around The Area || Local News & Advice,,,4611,10,1,Organization|BreadcrumbList|RealEstateAgent,536,144,97,false,https://montfortre.com/featured-upper-west-side-and-harlem-homes-for-sale/queens/ditmars-steinway/,
/featured-upper-west-side-and-harlem-homes-for-sale/brooklyn-homes/green-point,200,false,,Green Point | Montfort Real Estate,,,34,"Welcome to Green Point. In this guide we will explore the local market including listings, schools, businesses, and more.",,,121,https://montfortre.com/featured-upper-west-side-and-harlem-homes-for-sale/brooklyn-homes/green-point/,,https://assets.agentfire3.com/uploads/sites/312/2021/06/green-point.png,,1,Green Point,,,4,Want the full market report for Green Point? || Schools In The Area || Around The Area || Local News & Advice,,,4636,10,1,Organization|BreadcrumbList|RealEstateAgent,683,143.4,97,false,https://montfortre.com/featured-upper-west-side-and-harlem-homes-for-sale/brooklyn-homes/green-point/,
/featured-upper-west-side-and-harlem-homes-for-sale/manhattan/west-harlem,200,false,,West Harlem | Montfort Real Estate,,,34,"Welcome to West Harlem. In this guide we will explore the local market including listings, schools, businesses, and more.",,,121,https://montfortre.com/featured-upper-west-side-and-harlem-homes-for-sale/manhattan/west-harlem/,,https://assets.agentfire3.com/uploads/sites/312/2021/06/west-harlem.png,,1,West Harlem,,,4,Want the full market report for West Harlem? || Schools In The Area || Around The Area || Local News & Advice,,,4651,10,1,Organization|BreadcrumbList|RealEstateAgent,983,146.5,106,false,https://montfortre.com/featured-upper-west-side-and-harlem-homes-for-sale/manhattan/west-harlem/,
/featured-upper-west-side-and-harlem-homes-for-sale,200,false,,Explore Upper West Side and Harlem Homes For Sale,,,49,Learn everything you need to know about owning a home in the Upper West Side & Harlem!,,,86,https://montfortre.com/featured-upper-west-side-and-harlem-homes-for-sale/,,,,1,Featured Upper West Side & Harlem Homes For Sale,,,4,Harlem Luxury Condos || Harlem Brownstones || Upper West Side Luxury Condos || Upper West Side Townhouses,,,4086,5,1,Organization|BreadcrumbList|RealEstateAgent|WebPage,671,90.4,83,false,https://montfortre.com/featured-upper-west-side-and-harlem-homes-for-sale/,
/523-west-121st-street-2,200,false,,523 West 121st Street #2 | Montfort Real Estate,,,47,,,,0,https://montfortre.com/523-west-121st-street-2/,,https://assets.agentfire3.com/uploads/sites/312/2026/06/1a-Living-room-1024x683.fit.jpg,,1,523 West 121st Street #2,,,2,About this property || Want to take a tour of this property?,,,4063,28,1,Organization|BreadcrumbList|RealEstateAgent|Product,1065,120.1,83,false,https://montfortre.com/523-west-121st-street-2/,
/home-valuation,200,true,route,Home Valuation | Montfort Real Estate,Home Valuation | Montfort Real Estate,true,37,"Get a free home valuation for your NYC property. Receive instant estimates and expert insights for condos, co-ops, brownstones, and multifamily homes across Manhattan and Brooklyn.","Get a free home valuation for your NYC property. Receive instant estimates and expert insights for condos, co-ops, brownstones, and multifamily homes across Manhattan and Brooklyn.",true,180,https://montfortre.com/home-valuation/,https://montfortre.com/home-valuation/,,https://montfortre.com/og-home.jpg,2,FREE HOME VALUATION || Free Home Value Estimator: Guide & Consultation Services,FREE HOME VALUATION || Free Home Value Estimator: Guide &amp; Consultation Services,true,19,Get Your Free Report || Uh Oh! || Thanks for requesting a free home valuation! || Interested in selling your home? || Introduction: What This Guide Covers and Why It Matters || Expert Home Value Guidance: Get the Most Out of Your Home Value Estimator || The Hidden Problems with Free Home Value Estimators - and Why You Need Expert Insight || Our Home Value Estimation Services || Top 10 Free Home Value Estimation Tools to Use in 2026 || How We Tackle Home Value Estimation || What Our Customers Say || Frequently Asked Questions || Contact Us || Our Complete NYC Home Valuation service || NYC condo free home valuation || NYC co-op free home valuation || NYC brownstone free home valuation || NYC SRO free home valuation || Recent News & Realtor Advice,100,,8593,20,8,FAQPage|BreadcrumbList|Service|Organization|RealEstateAgent|WebPage,682,159.4,96,false,https://montfortre.com/home-valuation/,
/mortgage-calculator,200,true,route,Mortgage Calculator | Montfort Real Estate,NYC Mortgage Calculator | Montfort Real Estate,false,42,"Use our mortgage calculator to estimate monthly payments, interest rates and affordability when buying real estate in New York City.","Use our mortgage calculator to estimate monthly payments, interest rates and affordability when buying real estate in New York City.",true,132,https://montfortre.com/mortgage-calculator/,https://montfortre.com/mortgage-calculator/,,https://montfortre.com/og-home.jpg,2,Mortgage Calculator — Plan Your Home Purchase with Confidence || NYC Mortgage Calculator: Complete Guide for New York City Home Buyers,NYC Mortgage Calculator — Plan Your Home Purchase with Confidence || NYC Mortgage Calculator: Complete Guide for New York City Home Buyers,false,17,Expert NYC Mortgage Calculator and Home Buying Guidance || Why NYC Home Buyers Need a Specialized Mortgage Calculator || NYC Mortgage Calculator Services || Top 10 NYC Mortgage Cost Factors to Consider || How to Use the NYC Mortgage Calculator || Customer Success Stories || Frequently Asked Questions || Get Started with Your NYC Mortgage Calculation || Mortgage Calculator || + Add Extra Payments || Payment Breakdown || Customize your mortgage payment || Total Of All Payments || Amortization Schedule || Mortgage Payoff Date: || Payment breakdown as of || Recent News & Realtor Advice,100,,11601,9,1,Service|WebApplication|FAQPage|BreadcrumbList|Organization|RealEstateAgent|WebPage,1141,192.1,90,false,https://montfortre.com/mortgage-calculator/,
/buying-a-brownstone-in-nyc,200,true,route,Buying a Brownstone in NYC | Montfort Real Estate,Buying a Brownstone in NYC | Montfort Real Estate,true,49,"Learn how to buy a brownstone in NYC with expert guidance on historic homes, renovations, financing, inspections, and prime Brooklyn and Manhattan neighborhoods.","Learn how to buy a brownstone in NYC with expert guidance on historic homes, renovations, financing, inspections, and prime Brooklyn and Manhattan neighborhoods.",true,161,https://montfortre.com/buying-a-brownstone-in-nyc/,https://montfortre.com/buying-a-brownstone-in-nyc/,,https://montfortre.com/redesign-assets/og/brownstone-guide.png,2,Buying a Brownstone in NYC — Your Guide to a Smart and Successful Purchase || Buying a Brownstone in NYC: The Complete Buyer's Guide,Buying a Brownstone in NYC — Your Guide to a Smart and Successful Purchase || Buying a Brownstone in NYC: The Complete Buyer&apos;s Guide,true,12,"Quick Start: What You Need to Know Before You Even Schedule a Showing || What Exactly Is a NYC Brownstone? (And What It Isn't) || Choosing the Right Neighborhood: Block-by-Block Brownstone Markets || Single Family vs Multi Family Brownstones (and Legal Use) || Brownstone vs Condo vs Co-op vs Townhouse: Which Is Right for You? || Budgeting, Financing & Down Payment Strategies for NYC Brownstones || Inspections, Structural Risks & Landmark Status Considerations || Renovation, Maintenance & Hidden Ongoing Costs || Investment Potential, Rental Income & Property Taxes || The Buying Process, Common Mistakes & How I Work with Clients || FAQs About Buying a Brownstone in New York City || NYC Home Buying Resources",100,,7093,8,1,Article|FAQPage|BreadcrumbList|Service|Organization|RealEstateAgent|WebPage,757,130.8,87,false,https://montfortre.com/buying-a-brownstone-in-nyc/,
/buying-sro-in-nyc,200,true,route,Buying SRO in NYC | Montfort Real Estate,Buying SRO in NYC | Montfort Real Estate,true,40,"Learn how to buy SRO property in NYC with expert guidance on single room occupancy investments, regulations, cash flow potential, and multifamily opportunities.","Learn how to buy SRO property in NYC with expert guidance on single room occupancy investments, regulations, cash flow potential, and multifamily opportunities.",true,160,https://montfortre.com/buying-sro-in-nyc/,https://montfortre.com/buying-sro-in-nyc/,,https://montfortre.com/og-home.jpg,2,Buying SROs in NYC — Make Smarter Investment Decisions || SRO Housing New York City: Making a Smart Investment,Buying SROs in NYC — Make Smarter Investment Decisions || SRO Housing New York City: Making a Smart Investment,true,12,The Ins and Outs of Single Room Occupancy || Expert SRO Property Acquisition and Due Diligence Services || Why SRO Properties Are the Real Deal || Affordable Housing Options || Stanley Montfort’s SRO Investment Services || Top 10 Critical SRO Investment Considerations || Stanley Montfort’s SRO Due Diligence Process || New York City’s Housing Push || Client Success Stories || Frequently Asked Questions || Get in Touch || Recent News & Realtor Advice,100,,7092,8,1,Article|FAQPage|BreadcrumbList|Service|Organization|RealEstateAgent|WebPage,1064,124.2,88,false,https://montfortre.com/buying-sro-in-nyc/,
/co-ownership-buying-in-nyc,200,true,route,Co-Ownership Buying in NYC | Montfort Real Estate,Co-Ownership Buying in NYC | Montfort Real Estate,true,49,"Explore co-ownership buying opportunities in NYC with expert guidance on shared property investments, fractional ownership strategies, and affordable entry into the New York real estate market.","Explore co-ownership buying opportunities in NYC with expert guidance on shared property investments, fractional ownership strategies, and affordable entry into the New York real estate market.",true,193,https://montfortre.com/co-ownership-buying-in-nyc/,https://montfortre.com/co-ownership-buying-in-nyc/,,https://montfortre.com/og-home.jpg,2,Co-Ownership Buying in NYC — Protecting Your Investment Every Step of the Way || Co-Ownership Buying Services in New York City,Co-Ownership Buying in NYC — Protecting Your Investment Every Step of the Way || Co-Ownership Buying Services in New York City,true,9,Expert Co-Ownership Buying Guidance and Advisory Services || Why Co-Ownership is a Smart Path to NYC Homeownership || Our Co-Ownership Buying Services || Top 5 Co-Ownership Structures We Help Clients Navigate || Our Proven Co-Ownership Buying Process || Client Success Stories || Frequently Asked Questions || Schedule Your Co-Ownership Consultation || Recent News & Realtor Advice,100,,7547,8,1,Article|FAQPage|BreadcrumbList|Service|Organization|RealEstateAgent|WebPage,1198,131.6,90,false,https://montfortre.com/co-ownership-buying-in-nyc/,
/selling-condos-in-nyc,200,true,route,Selling condos in NYC | Montfort Real Estate,Selling condos in NYC | Montfort Real Estate,true,44,"Sell your NYC condo with expert pricing, luxury marketing, and strategic buyer targeting. Montfort helps condo sellers maximize visibility and attract qualified buyers across Manhattan and Brooklyn.","Sell your NYC condo with expert pricing, luxury marketing, and strategic buyer targeting. Montfort helps condo sellers maximize visibility and attract qualified buyers across Manhattan and Brooklyn.",true,198,https://montfortre.com/selling-condos-in-nyc/,https://montfortre.com/selling-condos-in-nyc/,,https://montfortre.com/og-home.jpg,2,Selling Condos in NYC — Expert Guidance to Maximize Your Sale || Selling Condos in NYC: Complete Guide and Expert Services,Selling Condos in NYC — Expert Guidance to Maximize Your Sale || Selling Condos in NYC: Complete Guide and Expert Services,true,9,Expert NYC Condo Listing and Marketing Services || Why Selling a Condo Requires a Specialized NYC Strategy || Our Condo Selling Services || Top 10 Critical Factors That Determine Your Condo's Sale Price || Our Proven Condo Selling Process || Client Success Stories || Frequently Asked Questions || Ready to Sell Your NYC Condo? || Recent News & Realtor Advice,100,,7144,8,1,Organization|BreadcrumbList|RealEstateAgent|WebPage,797,124.5,89,false,https://montfortre.com/selling-condos-in-nyc/,
/selling-brownstones-in-nyc,200,true,route,Selling brownstones in NYC | Montfort Real Estate,Selling brownstones in NYC | Montfort Real Estate,true,49,"Sell your NYC brownstone with expert marketing, pricing strategies, and luxury real estate guidance. Montfort helps maximize exposure and attract qualified buyers across New York City.","Sell your NYC brownstone with expert marketing, pricing strategies, and luxury real estate guidance. Montfort helps maximize exposure and attract qualified buyers across New York City.",true,184,https://montfortre.com/selling-brownstones-in-nyc/,https://montfortre.com/selling-brownstones-in-nyc/,,https://montfortre.com/redesign-assets/og/brownstone-guide.png,2,Selling Brownstones in NYC — Expert Guidance for Maximum Value & Seamless Transactions || Selling Brownstones in NYC: Your Complete Guide to Maximizing Value,Selling Brownstones in NYC — Expert Guidance for Maximum Value &amp; Seamless Transactions || Selling Brownstones in NYC: Your Complete Guide to Maximizing Value,true,9,Expert Brownstone Selling Services in Manhattan and Brooklyn || Why Selling a Brownstone Requires a Specialized Strategy || Our Comprehensive Brownstone Selling Services || Top 10 Factors That Maximize Your Brownstone's Sale Value || Our Proven Brownstone Selling Process || What Our Brownstone Sellers Say || Frequently Asked Questions About Selling Brownstones || Ready to Sell Your Brownstone? || Recent News & Realtor Advice,100,,7294,8,1,Article|FAQPage|BreadcrumbList|Service|Organization|RealEstateAgent|WebPage,941,129.3,89,false,https://montfortre.com/selling-brownstones-in-nyc/,
/selling-sros-in-nyc,200,true,route,Selling SROs in NYC | Montfort Real Estate,Selling SROs in NYC | Montfort Real Estate,true,42,"Sell your NYC SRO property with expert valuation, investor-focused marketing, and strategic positioning. Montfort helps maximize exposure and attract qualified SRO buyers across New York City.","Sell your NYC SRO property with expert valuation, investor-focused marketing, and strategic positioning. Montfort helps maximize exposure and attract qualified SRO buyers across New York City.",true,192,https://montfortre.com/selling-sros-in-nyc/,https://montfortre.com/selling-sros-in-nyc/,,https://montfortre.com/og-home.jpg,1,Selling SRO Properties in NYC,Selling SRO Properties in NYC,true,11,Selling SROs in NYC — Expert Guidance for Property Owners Seeking Maximum Value || Why NYC SRO Owners Trust Stanley Montfort || Why NYC Property Owners Choose Stanley Montfort for SRO Sales || Our SRO Property Sales Services || How the SRO Sales Process Works || Recent SRO Sales Results || What Our SRO Clients Say || NYC Areas We Serve || Frequently Asked Questions About Selling SRO Properties || Ready to Sell Your SRO Property? || Recent News & Realtor Advice,100,,7413,8,1,Article|FAQPage|BreadcrumbList|Service|Organization|RealEstateAgent|WebPage,1062,129.8,90,false,https://montfortre.com/selling-sros-in-nyc/,
/selling-co-ops-in-nyc,200,true,route,Selling co-ops in NYC | Montfort Real Estate,Selling co-ops in NYC | Montfort Real Estate,true,44,"Sell your NYC co-op with expert pricing, board approval guidance, and strategic luxury marketing. Montfort helps maximize exposure and attract qualified buyers across Manhattan and Brooklyn","Sell your NYC co-op with expert pricing, board approval guidance, and strategic luxury marketing. Montfort helps maximize exposure and attract qualified buyers across Manhattan and Brooklyn",true,189,https://montfortre.com/selling-co-ops-in-nyc/,https://montfortre.com/selling-co-ops-in-nyc/,,https://montfortre.com/og-home.jpg,2,Selling Co-Ops in NYC — Expert Guidance for a Smooth and Successful Sale || Expert Co-op Selling Services in NYC,Selling Co-Ops in NYC — Expert Guidance for a Smooth and Successful Sale || Expert Co-op Selling Services in NYC,true,9,Trusted NYC Co-op Listing Agent - Maximize Your Sale Price and Navigate Board Requirements || Why Co-op Sales Require a Specialized Strategy || Our Co-op Selling Services || 10 Critical Factors for Successful Co-op Sales || Our Co-op Selling Process || Client Success Stories || Frequently Asked Questions || Get Started with Your Co-op Sale Today || Recent News & Realtor Advice,100,,7031,8,1,Article|FAQPage|BreadcrumbList|Service|Organization|RealEstateAgent|WebPage,659,125.6,89,false,https://montfortre.com/selling-co-ops-in-nyc/,
/selling-probate-properties-in-nyc,200,true,route,Selling probate properties in NYC | Montfort Real Estate,Selling probate properties in NYC | Montfort Real Estate,true,56,"Sell probate properties in NYC with compassionate guidance, expert valuation, and strategic marketing. Montfort helps families navigate probate real estate sales across Manhattan and Brooklyn.","Sell probate properties in NYC with compassionate guidance, expert valuation, and strategic marketing. Montfort helps families navigate probate real estate sales across Manhattan and Brooklyn.",true,192,https://montfortre.com/selling-probate-properties-in-nyc/,https://montfortre.com/selling-probate-properties-in-nyc/,,https://montfortre.com/og-home.jpg,2,"Selling Probate Properties in NYC — Trusted Representation for Executors, Heirs & Families || Selling Probate Properties in NYC","Selling Probate Properties in NYC — Trusted Representation for Executors, Heirs &amp; Families || Selling Probate Properties in NYC",true,11,"Why NYC Families Trust Stanley Montfort || Why NYC Executors Choose Stanley Montfort for Probate Property Sales || Our Probate Property Services || How the Probate Property Sale Process Works || Understanding Costs, Taxes, and Financial Realities || What Our Clients Say || NYC Areas We Serve || Frequently Asked Questions || Final Thoughts || Schedule Your Probate Property Consultation || Recent News & Realtor Advice",100,,8275,8,1,Article|FAQPage|BreadcrumbList|Service|Organization|RealEstateAgent|WebPage,1191,136,88,false,https://montfortre.com/selling-probate-properties-in-nyc/,
/2-family-house-for-sale-nyc,200,true,route,2 Family house for sale NYC | Montfort Real Estate,2 Family house for sale NYC | Montfort Real Estate,true,50,"Explore 2 family houses for sale in NYC with expert guidance from Montfort. Discover investment opportunities, owner-occupied properties, and multi-family homes across Manhattan and Brooklyn.","Explore 2 family houses for sale in NYC with expert guidance from Montfort. Discover investment opportunities, owner-occupied properties, and multi-family homes across Manhattan and Brooklyn.",true,191,https://montfortre.com/2-family-house-for-sale-nyc/,https://montfortre.com/2-family-house-for-sale-nyc/,,https://montfortre.com/og-home.jpg,2,NYC 2 Family Homes for Sale — Find the Right Property with Confidence || 2 Family House for Sale NYC: Your Complete Buyer's Guide,2 Family Homes for Sale in NYC || 2 Family House for Sale NYC: your complete buyer's guide,false,12,Why NYC Buyers Trust Stanley Montfort || Why Choose Stanley Montfort for Your 2 Family House Purchase || What Qualifies as a Legal 2 Family House in NYC || Benefits of Owning a 2 Family Property in NYC || The 2 Family House Buying Process || Financing Considerations for 2 Family Houses || NYC Neighborhoods We Serve || Common Buyer Mistakes to Avoid || What Our Clients Say || Frequently Asked Questions || Start Your 2 Family House Search Today || Recent News & Realtor Advice,92,Why Choose Stanley Montfort for Your 2 Family House Purchase,7456,8,1,Article|FAQPage|BreadcrumbList|Service|Organization|RealEstateAgent|WebPage,721,130.1,88,false,https://montfortre.com/2-family-house-for-sale-nyc/,
/3-family-house-for-sale-nyc,200,true,route,3 Family house for sale NYC | Montfort Real Estate,3 Family house for sale NYC | Montfort Real Estate,true,50,"Discover 3 family houses for sale in NYC with Montfort Real Estate. Explore multi-family investment properties, owner-occupied homes, and income-producing real estate across Brooklyn and Manhattan.","Discover 3 family houses for sale in NYC with Montfort Real Estate. Explore multi-family investment properties, owner-occupied homes, and income-producing real estate across Brooklyn and Manhattan.",true,197,https://montfortre.com/3-family-house-for-sale-nyc/,https://montfortre.com/3-family-house-for-sale-nyc/,,https://montfortre.com/og-home.jpg,2,3 Family Houses for Sale in NYC — Expert Guidance for Homebuyers & Investors || 3 Family House for Sale NYC: Complete Buyer's Guide,3 Family Houses for Sale in NYC — Expert Guidance for Homebuyers &amp; Investors || 3 Family House for Sale NYC: Complete Buyer&apos;s Guide,true,11,Why Buying a 3-Family House in NYC Requires Specialized Guidance || Why NYC Buyers Trust Stanley Montfort || Why Choose Stanley for Your 3-Family House Purchase || Types of 3-Family Houses Available in NYC || How the 3-Family House Buying Process Works || Key Factors That Set Successful 3-Family House Buyers Apart || What Our 3-Family House Clients Say || Best NYC Neighborhoods for 3-Family Houses || Frequently Asked Questions || Start Your 3-Family House Search with Stanley Montfort || Recent News & Realtor Advice,100,,7314,8,1,Organization|BreadcrumbList|RealEstateAgent|WebPage,1103,124.2,89,false,https://montfortre.com/3-family-house-for-sale-nyc/,
/4-family-house-for-sale-nyc,200,true,route,4 Family house for sale NYC | Montfort Real Estate,4 Family house for sale NYC | Montfort Real Estate,true,50,"Explore 4 family houses for sale in NYC with Montfort Real Estate. Find income-producing multi-family properties, brownstones, and investment opportunities across Brooklyn and Manhattan.","Explore 4 family houses for sale in NYC with Montfort Real Estate. Find income-producing multi-family properties, brownstones, and investment opportunities across Brooklyn and Manhattan.",true,186,https://montfortre.com/4-family-house-for-sale-nyc/,https://montfortre.com/4-family-house-for-sale-nyc/,,https://montfortre.com/og-home.jpg,2,NYC Four-Family Homes for Sale — Expert Representation Every Step of the Way || 4 Family House for Sale NYC: Complete Buyer's Guide,NYC Four-Family Homes for Sale — Expert Representation Every Step of the Way || 4 Family House for Sale NYC: Complete Buyer&apos;s Guide,true,12,Why NYC Buyers Trust Stanley Montfort for Four-Family Properties || Why NYC Buyers Choose Stanley Montfort for Four-Family Property Purchases || Understanding Four-Family Properties in NYC || Four-Family Property Financing Options || Evaluating Property Investment Potential || Due Diligence Process for Four-Family Purchases || Common Four-Family Buyer Mistakes || NYC Neighborhoods for Four-Family Properties || Client Success Stories || Frequently Asked Questions || Schedule Your Four-Family Property Consultation || Recent News & Realtor Advice,92,NYC Neighborhoods for Four-Family Properties,7909,8,1,Article|FAQPage|BreadcrumbList|Service|Organization|RealEstateAgent|WebPage,1169,135.9,88,false,https://montfortre.com/4-family-house-for-sale-nyc/,
/nyc-condo-free-home-valuation,200,true,route,NYC condo free home valuation | Montfort Real Estate,NYC condo free home valuation | Montfort Real Estate,true,52,Get a free condo home valuation in NYC with Montfort Real Estate. Discover your condo’s market value with expert local analysis and strategic pricing insights.,Get a free condo home valuation in NYC with Montfort Real Estate. Discover your condo’s market value with expert local analysis and strategic pricing insights.,true,159,https://montfortre.com/nyc-condo-free-home-valuation/,https://montfortre.com/nyc-condo-free-home-valuation/,,https://montfortre.com/og-home.jpg,2,NYC Condo Free Home Valuation — Discover Your Property's True Market Value || Free NYC Condo Home Valuation - Expert Market Analysis by Stanley Montfort,NYC Condo Free Home Valuation — Discover Your Property&apos;s True Market Value || Free NYC Condo Home Valuation - Expert Market Analysis by Stanley Montfort,true,12,Why NYC Condo Owners Trust Stanley Montfort || Why Choose Stanley Montfort for Your NYC Condo Valuation || What a Professional NYC Condo Valuation Includes || How My Condo Valuation Process Works || Why Online Condo Estimates Fall Short in NYC || Factors That Impact NYC Condo Values || Current NYC Condo Market Insights || What NYC Condo Owners Say || NYC Areas I Serve || Frequently Asked Questions || Get Your Free NYC Condo Valuation Today || Recent News & Realtor Advice,100,,7807,8,1,Article|FAQPage|BreadcrumbList|Service|Organization|RealEstateAgent|WebPage,1181,133.8,89,false,https://montfortre.com/nyc-condo-free-home-valuation/,
/home-valuation,200,true,route,Home Valuation | Montfort Real Estate,Home Valuation | Montfort Real Estate,true,37,"Get a free home valuation for your NYC property. Receive instant estimates and expert insights for condos, co-ops, brownstones, and multifamily homes across Manhattan and Brooklyn.","Get a free home valuation for your NYC property. Receive instant estimates and expert insights for condos, co-ops, brownstones, and multifamily homes across Manhattan and Brooklyn.",true,180,https://montfortre.com/home-valuation/,https://montfortre.com/home-valuation/,,https://montfortre.com/og-home.jpg,2,FREE HOME VALUATION || Free Home Value Estimator: Guide & Consultation Services,FREE HOME VALUATION || Free Home Value Estimator: Guide &amp; Consultation Services,true,19,Get Your Free Report || Uh Oh! || Thanks for requesting a free home valuation! || Interested in selling your home? || Introduction: What This Guide Covers and Why It Matters || Expert Home Value Guidance: Get the Most Out of Your Home Value Estimator || The Hidden Problems with Free Home Value Estimators - and Why You Need Expert Insight || Our Home Value Estimation Services || Top 10 Free Home Value Estimation Tools to Use in 2026 || How We Tackle Home Value Estimation || What Our Customers Say || Frequently Asked Questions || Contact Us || Our Complete NYC Home Valuation service || NYC condo free home valuation || NYC co-op free home valuation || NYC brownstone free home valuation || NYC SRO free home valuation || Recent News & Realtor Advice,100,,8593,20,8,FAQPage|BreadcrumbList|Service|Organization|RealEstateAgent|WebPage,1666,159.4,96,true,https://montfortre.com/home-valuation/,
/bedford-stuyvesant-co-ops-2,200,true,route,Bedford stuyvesant Co-Ops | Montfort Real Estate,Bedford stuyvesant Co-Ops | Montfort Real Estate,true,48,"Explore Bedford-Stuyvesant co-ops with Montfort Real Estate. Discover co-op apartments, historic residences, and investment opportunities in the heart of Bed-Stuy Brooklyn","Explore Bedford-Stuyvesant co-ops with Montfort Real Estate. Discover co-op apartments, historic residences, and investment opportunities in the heart of Bed-Stuy Brooklyn",true,171,https://montfortre.com/bedford-stuyvesant-co-ops-2/,https://montfortre.com/bedford-stuyvesant-co-ops-2/,,https://montfortre.com/redesign-assets/og/bedford-stuyvesant.png,1,"Bedford-Stuyvesant Co-Ops — Trusted Guidance for Buyers, Sellers & Investors","Bedford-Stuyvesant Co-Ops — Trusted Guidance for Buyers, Sellers & Investors",true,5,WHY ARE BEDFORD STUYVESANT CO OPS SO DESIRABLE? || OUR BEDFORD STUYVESANT CO OP SERVICES || BUYING A CO OP IN BEDFORD STUYVESANT || WHY WORK WITH US || Recent News & Realtor Advice,40,WHY ARE BEDFORD STUYVESANT CO OPS SO DESIRABLE? || OUR BEDFORD STUYVESANT CO OP SERVICES || BUYING A CO OP IN BEDFORD STUYVESANT,4762,5,1,Organization|BreadcrumbList|RealEstateAgent|WebPage,872,101.9,85,false,https://montfortre.com/bedford-stuyvesant-co-ops-2/,
/bedford-stuyvesant-sros-2,200,true,route,Bedford stuyvesant SROs | Montfort Real Estate,Bedford stuyvesant SROs | Montfort Real Estate,true,46,"Explore Bedford-Stuyvesant SRO properties with Montfort Real Estate. Learn about Single Room Occupancy investments, financing, and multifamily opportunities in Bed-Stuy Brooklyn","Explore Bedford-Stuyvesant SRO properties with Montfort Real Estate. Learn about Single Room Occupancy investments, financing, and multifamily opportunities in Bed-Stuy Brooklyn",true,177,https://montfortre.com/bedford-stuyvesant-sros-2/,https://montfortre.com/bedford-stuyvesant-sros-2/,,https://montfortre.com/redesign-assets/og/bedford-stuyvesant.png,1,"Bedford-Stuyvesant SROs — Specialized Insights for Buyers, Sellers & Investors","Bedford-Stuyvesant SROs — Specialized Insights for Buyers, Sellers & Investors",true,5,WHY ARE BEDFORD STUYVESANT SROS ATTRACTING INVESTORS? || OUR BEDFORD STUYVESANT SRO SERVICES || INVESTING IN BEDFORD STUYVESANT SROS || WHY WORK WITH US || Recent News & Realtor Advice,40,WHY ARE BEDFORD STUYVESANT SROS ATTRACTING INVESTORS? || OUR BEDFORD STUYVESANT SRO SERVICES || INVESTING IN BEDFORD STUYVESANT SROS,4744,5,1,Organization|BreadcrumbList|RealEstateAgent|WebPage,958,102.1,85,false,https://montfortre.com/bedford-stuyvesant-sros-2/,
/bedford-stuyvesant-co-ownership,200,true,route,Bedford stuyvesant Co-Ownership | Montfort Real Estate,Bedford stuyvesant Co-Ownership | Montfort Real Estate,true,54,"Explore Bedford-Stuyvesant co-ownership opportunities with Montfort Real Estate. Learn about shared ownership, investment partnerships, and affordable property strategies in Bed-Stuy Brooklyn","Explore Bedford-Stuyvesant co-ownership opportunities with Montfort Real Estate. Learn about shared ownership, investment partnerships, and affordable property strategies in Bed-Stuy Brooklyn",true,191,https://montfortre.com/bedford-stuyvesant-co-ownership/,https://montfortre.com/bedford-stuyvesant-co-ownership/,,https://montfortre.com/redesign-assets/og/bedford-stuyvesant.png,1,Bedford-Stuyvesant Co-Ownership — Expert Advice for Shared Property Buyers & Investors,Bedford-Stuyvesant Co-Ownership — Expert Advice for Shared Property Buyers & Investors,true,5,WHY ARE BEDFORD STUYVESANT CO OWNERSHIP PROPERTIES GAINING ATTENTION? || OUR BEDFORD STUYVESANT CO OWNERSHIP SERVICES || BUYING A CO OWNERSHIP PROPERTY IN BEDFORD STUYVESANT || WHY WORK WITH US || Recent News & Realtor Advice,40,WHY ARE BEDFORD STUYVESANT CO OWNERSHIP PROPERTIES GAINING ATTENTION? || OUR BEDFORD STUYVESANT CO OWNERSHIP SERVICES || BUYING A CO OWNERSHIP PROPERTY IN BEDFORD STUYVESANT,4753,5,1,Organization|BreadcrumbList|RealEstateAgent|WebPage,570,102.1,85,false,https://montfortre.com/bedford-stuyvesant-co-ownership/,
/williamsburg-brownstones-2,200,true,route,Williamsburg Brownstones | Montfort Real Estate,Williamsburg Brownstones | Montfort Real Estate,true,47,"Explore Williamsburg brownstones with Montfort Real Estate. Discover historic Brooklyn brownstones, luxury townhomes, and investment opportunities in Williamsburg NYC","Explore Williamsburg brownstones with Montfort Real Estate. Discover historic Brooklyn brownstones, luxury townhomes, and investment opportunities in Williamsburg NYC",true,166,https://montfortre.com/williamsburg-brownstones-2/,https://montfortre.com/williamsburg-brownstones-2/,,https://montfortre.com/redesign-assets/og/williamsburg.png,1,"Williamsburg Brownstones — Expert Guidance for Buyers, Sellers & Investors","Williamsburg Brownstones — Expert Guidance for Buyers, Sellers & Investors",true,5,WHY ARE WILLIAMSBURG BROWNSTONES SO DESIRABLE? || OUR WILLIAMSBURG BROWNSTONE SERVICES || BUYING A BROWNSTONE IN WILLIAMSBURG || WHY WORK WITH US || Recent News & Realtor Advice,100,,4742,5,1,Organization|BreadcrumbList|RealEstateAgent|WebPage,1212,101.9,85,false,https://montfortre.com/williamsburg-brownstones-2/,
/williamsburg-condos,200,true,route,Williamsburg Condos | Montfort Real Estate,Williamsburg Condos | Montfort Real Estate,true,42,"Explore Williamsburg condos with Montfort Real Estate. Discover luxury condos, waterfront residences, and investment opportunities in one of Brooklyn’s most sought-after neighborhoods","Explore Williamsburg condos with Montfort Real Estate. Discover luxury condos, waterfront residences, and investment opportunities in one of Brooklyn’s most sought-after neighborhoods",true,183,https://montfortre.com/williamsburg-condos/,https://montfortre.com/williamsburg-condos/,,https://montfortre.com/redesign-assets/og/williamsburg.png,1,"Williamsburg Condos — Expert Guidance for Buyers, Sellers & Investors","Williamsburg Condos — Expert Guidance for Buyers, Sellers & Investors",true,5,WHY ARE WILLIAMSBURG CONDOS SO POPULAR? || OUR WILLIAMSBURG CONDO SERVICES || BUYING A CONDO IN WILLIAMSBURG || WHY WORK WITH US || Recent News & Realtor Advice,40,WHY ARE WILLIAMSBURG CONDOS SO POPULAR? || OUR WILLIAMSBURG CONDO SERVICES || BUYING A CONDO IN WILLIAMSBURG,4727,5,1,Organization|BreadcrumbList|RealEstateAgent|WebPage,776,101.8,85,false,https://montfortre.com/williamsburg-condos/,
/williamsburg-co-ops,200,true,route,Williamsburg Co-Ops | Montfort Real Estate,Williamsburg Co-Ops | Montfort Real Estate,true,42,"Explore Williamsburg co-ops with Montfort Real Estate. Discover co-op apartments, historic residences, and investment opportunities in one of Brooklyn’s most desirable neighborhoods","Explore Williamsburg co-ops with Montfort Real Estate. Discover established co-op residences, great value, and classic Brooklyn living in one of the borough’s most sought-after neighborhoods.",false,181,https://montfortre.com/williamsburg-co-ops/,https://montfortre.com/williamsburg-co-ops/,,https://montfortre.com/redesign-assets/og/williamsburg.png,1,"Williamsburg Co-Ops — Expert Guidance for Buyers, Sellers & Investors","Williamsburg Co-Ops — Expert Guidance for Buyers, Sellers & Investors",true,5,WHY ARE WILLIAMSBURG CO OPS SO DESIRABLE? || OUR WILLIAMSBURG CO OP SERVICES || BUYING A CO OP IN WILLIAMSBURG || WHY WORK WITH US || Recent News & Realtor Advice,40,WHY ARE WILLIAMSBURG CO OPS SO DESIRABLE? || OUR WILLIAMSBURG CO OP SERVICES || BUYING A CO OP IN WILLIAMSBURG,4751,5,1,Organization|BreadcrumbList|RealEstateAgent|WebPage,1011,101.8,85,false,https://montfortre.com/williamsburg-co-ops/,
/williamsburg-co-ownership,200,true,route,Williamsburg Co-Ownership | Montfort Real Estate,Williamsburg Co-Ownership | Montfort Real Estate,true,48,"Explore Williamsburg co-ownership opportunities with Montfort Real Estate. Learn about shared ownership, investment partnerships, and affordable property strategies in Williamsburg Brooklyn","Explore Williamsburg co-ownership opportunities with Montfort Real Estate. Learn about shared ownership, investment partnerships, and affordable property strategies in Williamsburg Brooklyn",true,189,https://montfortre.com/williamsburg-co-ownership/,https://montfortre.com/williamsburg-co-ownership/,,https://montfortre.com/redesign-assets/og/williamsburg.png,0,,"Williamsburg Co-Ownership — Buy, Sell & Invest with Experts",,6,"Williamsburg Co-Ownership — Buy, Sell & Invest with Experts || WHY ARE WILLIAMSBURG CO OWNERSHIP PROPERTIES GAINING POPULARITY? || OUR WILLIAMSBURG CO OWNERSHIP SERVICES || BUYING A CO OWNERSHIP PROPERTY IN WILLIAMSBURG || WHY WORK WITH US || Recent News & Realtor Advice",50,WHY ARE WILLIAMSBURG CO OWNERSHIP PROPERTIES GAINING POPULARITY? || OUR WILLIAMSBURG CO OWNERSHIP SERVICES || BUYING A CO OWNERSHIP PROPERTY IN WILLIAMSBURG,4858,5,1,Organization|BreadcrumbList|RealEstateAgent|WebPage,1168,102.8,85,false,https://montfortre.com/williamsburg-co-ownership/,
/crown-heights-brownstones-2,200,true,route,Crown Heights Brownstones | Montfort Real Estate,Crown Heights Brownstones | Montfort Real Estate,true,48,"Explore Crown Heights brownstones with Montfort Real Estate. Discover historic Brooklyn brownstones, luxury townhomes, and investment opportunities in Crown Heights NYC","Explore Crown Heights brownstones with Montfort Real Estate. Discover historic Brooklyn brownstones, luxury townhomes, and investment opportunities in Crown Heights NYC",true,168,https://montfortre.com/crown-heights-brownstones-2/,https://montfortre.com/crown-heights-brownstones-2/,,https://montfortre.com/redesign-assets/og/crown-heights.png,2,"Crown Heights Brownstones — Experts for Buying, Selling & Investing || Crown Heights Brownstones: Complete Buyer's Guide by Expert Stanley Montfort","Crown Heights Brownstones — Experts for Buying, Selling & Investing",true,9,Expert Crown Heights Brownstone Buying Services || Why Crown Heights Brownstones Are Exceptional Investment Opportunities || Crown Heights Brownstone Buying Services || Top 8 Crown Heights Brownstone Types Stanley Recommends || Stanley's Proven Crown Heights Brownstone Buying Process || Client Success Stories || Frequently Asked Questions About Crown Heights Brownstones || Schedule Your Crown Heights Brownstone Consultation || Recent News & Realtor Advice,100,,7413,8,1,Article|FAQPage|BreadcrumbList|Service|Organization|RealEstateAgent|WebPage,840,132.4,89,false,https://montfortre.com/crown-heights-brownstones-2/,
/crown-heights-condos-2,200,true,route,Crown Heights Condos | Montfort Real Estate,Crown Heights Condos | Montfort Real Estate,true,43,"Explore Crown Heights condos with Montfort Real Estate. Discover luxury condos, modern residences, and investment opportunities in one of Brooklyn’s fastest-growing neighborhoods","Explore Crown Heights condos with Montfort Real Estate. Discover luxury condos, modern residences, and investment opportunities in one of Brooklyn’s fastest-growing neighborhoods",true,178,https://montfortre.com/crown-heights-condos-2/,https://montfortre.com/crown-heights-condos-2/,,https://montfortre.com/redesign-assets/og/crown-heights.png,2,"Crown Heights Condos — Expert Guidance for Buyers, Sellers & Investors || The Complete Guide to Buying Crown Heights Condos in Brooklyn","Crown Heights Condos — Expert Guidance for Buyers, Sellers & Investors",true,9,Expert Crown Heights Brooklyn NY Condos Advisory Services || Why Crown Heights Condos in Brooklyn NY Are Exceptional Investment Opportunities || Our Crown Heights Condo Buying Services || Top Crown Heights Condos for Sale Buildings to Consider || Our Crown Heights Condo Buying Process || Crown Heights Condo Success Stories || Frequently Asked Questions About Crown Heights Condos || Schedule Your Crown Heights Condo Consultation Today || Recent News & Realtor Advice,100,,7493,8,1,Article|FAQPage|BreadcrumbList|Service|Organization|RealEstateAgent|WebPage,907,131.7,89,false,https://montfortre.com/crown-heights-condos-2/,
/crown-heights-sros-3,200,true,route,Crown Heights SROs | Montfort Real Estate,Crown Heights SROs | Montfort Real Estate,true,41,"Explore Crown Heights SRO properties with Montfort Real Estate. Learn about Single Room Occupancy investments, financing, and multifamily opportunities in Crown Heights Brooklyn","Explore Crown Heights SRO properties with Montfort Real Estate. Learn about Single Room Occupancy investments, financing, and multifamily opportunities in Crown Heights Brooklyn",true,177,https://montfortre.com/crown-heights-sros-3/,https://montfortre.com/crown-heights-sros-3/,,https://montfortre.com/redesign-assets/og/crown-heights.png,2,"Crown Heights SROs — Expert Guidance for Buyers, Sellers & Investors || Crown Heights SRO Buying Guide: Expert Investment Strategies for Brooklyn's Single Room Occupancy Properties","Crown Heights SROs — Expert Guidance for Buyers, Sellers & Investors",true,10,Expert SRO Investment Guidance from Brooklyn's Premier Buyer's Agent || Why Crown Heights SROs Are Attractive Investment Opportunities || Our SRO Buyer Advisory Services || Types of Crown Heights SRO Properties and Opportunities || Our SRO Property Buying Process || Common SRO Buying Mistakes and How to Avoid Them || Client Success Stories || Frequently Asked Questions || Contact Us || Recent News & Realtor Advice,90,Why Crown Heights SROs Are Attractive Investment Opportunities,7479,8,1,Article|FAQPage|BreadcrumbList|Service|Organization|RealEstateAgent|WebPage,831,131,90,false,https://montfortre.com/crown-heights-sros-3/,
/crown-heights-co-ownership-2,200,true,route,Crown Heights Co-Ownership | Montfort Real Estate,Crown Heights Co-Ownership | Montfort Real Estate,true,49,"Explore Crown Heights co-ownership opportunities with Montfort Real Estate. Learn about shared ownership, investment partnerships, and affordable property strategies in Crown Heights Brooklyn","Explore Crown Heights co-ownership opportunities with Montfort Real Estate. Learn about shared ownership, investment partnerships, and affordable property strategies in Crown Heights Brooklyn",true,191,https://montfortre.com/crown-heights-co-ownership-2/,https://montfortre.com/crown-heights-co-ownership-2/,,https://montfortre.com/redesign-assets/og/crown-heights.png,2,"Crown Heights Co-Ownership — Local Experts for Buying, Selling & Investing || Crown Heights Coownership Guide and Buyer Services","Crown Heights Co-Ownership — Local Experts for Buying, Selling & Investing",true,9,Expert Co-Ownership Advisory Services in Crown Heights || Why Co-Ownership Works for Affordable Housing in Crown Heights || Our Co-Ownership Advisory Services || Essential Co-Ownership Considerations for Crown Heights Near Brooklyn Museum || The Crown Heights Co-Ownership Process || Client Success Stories || Frequently Asked Questions || Start Your Crown Heights Co-Ownership Journey || Recent News & Realtor Advice,89,Why Co-Ownership Works for Affordable Housing in Crown Heights,7047,8,1,Organization|BreadcrumbList|RealEstateAgent|WebPage,873,122.6,90,false,https://montfortre.com/crown-heights-co-ownership-2/,
/nyc-co-op-free-home-valuation,200,true,route,NYC co-op free home valuation | Montfort Real Estate,NYC co-op free home valuation | Montfort Real Estate,true,52,Get a free co-op home valuation in NYC with Montfort Real Estate. Discover your co-op’s market value with expert analysis tailored to New York City co-op buildings and buyer demand.,Get a free co-op home valuation in NYC with Montfort Real Estate. Discover your co-op’s market value with expert analysis tailored to New York City co-op buildings and buyer demand.,true,181,https://montfortre.com/nyc-co-op-free-home-valuation/,https://montfortre.com/nyc-co-op-free-home-valuation/,,https://montfortre.com/og-home.jpg,2,NYC Co-Op Free Valuation — Expert Market Analysis for NYC Co-Op Owners || Free NYC Co-op Home Valuation,NYC Co-Op Free Valuation — Expert Market Analysis for NYC Co-Op Owners || Free NYC Co-op Home Valuation,true,10,Why NYC Co-op Owners Trust Stanley Montfort || Why Choose Stanley for Your Co-op Valuation || Our Co-op Valuation Services || How the Valuation Process Works || What Makes Co-op Valuations Different || What Our Clients Say || NYC Areas We Serve || Frequently Asked Questions || Get Your Free Co-op Valuation || Recent News & Realtor Advice,100,,7379,8,1,Article|FAQPage|BreadcrumbList|Service|Organization|RealEstateAgent|WebPage,892,130.7,89,false,https://montfortre.com/nyc-co-op-free-home-valuation/,
/nyc-brownstone-free-home-valuation,200,true,route,NYC brownstone free home valuation | Montfort Real Estate,NYC brownstone free home valuation | Montfort Real Estate,true,57,Get a free brownstone home valuation in NYC with Montfort Real Estate. Discover your brownstone’s current market value with expert local analysis and strategic pricing insights.,Get a free brownstone home valuation in NYC with Montfort Real Estate. Discover your brownstone’s current market value with expert local analysis and strategic pricing insights.,true,177,https://montfortre.com/nyc-brownstone-free-home-valuation/,https://montfortre.com/nyc-brownstone-free-home-valuation/,,https://montfortre.com/redesign-assets/og/brownstone-guide.png,2,NYC Brownstone Free Valuation — Expert Valuation Services for Historic Homes || NYC Brownstone Free Home Valuation,NYC Brownstone Free Valuation — Expert Valuation Services for Historic Homes || NYC Brownstone Free Home Valuation,true,10,Why NYC Brownstones Trust Stanley Montfort || Why Brownstone Owners Choose Stanley Montfort for Property Valuations || Our Brownstone Valuation Services || How Stanley's Brownstone Valuation Process Works || What Makes Brownstone Valuations Different from Automated Estimates || What Our Brownstone Clients Say || NYC Neighborhoods We Serve || Frequently Asked Questions About Brownstone Valuations || Get Your Free Brownstone Valuation || Recent News & Realtor Advice,100,,7173,8,1,Article|FAQPage|BreadcrumbList|Service|Organization|RealEstateAgent|WebPage,1119,130.2,89,false,https://montfortre.com/nyc-brownstone-free-home-valuation/,
/nyc-sro-free-home-valuation,200,true,route,NYC SRO free home valuation | Montfort Real Estate,NYC SRO free home valuation | Montfort Real Estate,true,50,Get a free SRO home valuation in NYC with Montfort Real Estate. Discover the current market value of your Single Room Occupancy property with expert local analysis and investment insight.,Get a free SRO home valuation in NYC with Montfort Real Estate. Discover the current market value of your Single Room Occupancy property with expert local analysis and investment insight.,true,187,https://montfortre.com/nyc-sro-free-home-valuation/,https://montfortre.com/nyc-sro-free-home-valuation/,,https://montfortre.com/og-home.jpg,2,NYC SRO Free Home Valuation — Professional Valuation for Single Room Occupancy Properties || NYC SRO Free Home Valuation,NYC SRO Free Home Valuation — Professional Valuation for Single Room Occupancy Properties || NYC SRO Free Home Valuation,true,10,Why NYC SRO Owners Trust Stanley Montfort || Why NYC Chooses Stanley Montfort for SRO Valuations || Our SRO Valuation Services || How Professional SRO Valuation Works || What Buyers Actually Look At: Common Valuation Mistakes SRO Owners Make || What Our SRO Clients Say || NYC Neighborhoods We Serve || Frequently Asked Questions || Get Your Free SRO Valuation || Recent News & Realtor Advice,100,,7532,8,1,Article|FAQPage|BreadcrumbList|Service|Organization|RealEstateAgent|WebPage,761,131.1,88,false,https://montfortre.com/nyc-sro-free-home-valuation/,
/nyc-brownstone-mortgages,200,true,route,NYC Brownstone Mortgages | Montfort Real Estate,NYC Brownstone Mortgages | Montfort Real Estate,true,47,"Explore NYC brownstone mortgage solutions with Montfort Real Estate. Get expert guidance on financing brownstones, multi-family homes, and investment properties across New York City.","Explore NYC brownstone mortgage solutions with Montfort Real Estate. Get expert guidance on financing brownstones, multi-family homes, and investment properties across New York City.",true,182,https://montfortre.com/nyc-brownstone-mortgages/,https://montfortre.com/nyc-brownstone-mortgages/,,https://montfortre.com/redesign-assets/og/brownstone-guide.png,2,NYC First-Time Home Buyer Mortgages — Your Guide to Affordable and Confident Home Financing || NYC Brownstone Mortgages: Complete Financing Guide for Buyers,NYC First-Time Home Buyer Mortgages — Your Guide to Affordable and Confident Home Financing || NYC Brownstone Mortgages: Complete Financing Guide for Buyers,true,10,Why NYC Brownstone Buyers Trust Stanley Montfort || Why Brownstone Buyers Choose Stanley for Financing Guidance || Our Brownstone Financing Guidance Services || How the Brownstone Financing Process Works || Brownstone Financing Success Stories || What Our Clients Say || NYC Neighborhoods We Serve || Frequently Asked Questions About NYC Brownstone Mortgages || Start Your Brownstone Purchase Journey || Recent News & Realtor Advice,100,,7648,8,1,Article|FAQPage|BreadcrumbList|Service|Organization|RealEstateAgent|WebPage,1106,133.2,88,false,https://montfortre.com/nyc-brownstone-mortgages/,
/nyc-sro-mortgages,200,true,route,NYC SRO Mortgages | Montfort Real Estate,NYC SRO Mortgages | Montfort Real Estate,true,40,"Explore NYC SRO mortgage and financing solutions with Montfort Real Estate. Get expert guidance for Single Room Occupancy investments, refinancing, and multifamily lending in New York City.","Explore NYC SRO mortgage and financing solutions with Montfort Real Estate. Get expert guidance for Single Room Occupancy investments, refinancing, and multifamily lending in New York City.",true,189,https://montfortre.com/nyc-sro-mortgages/,https://montfortre.com/nyc-sro-mortgages/,,https://montfortre.com/og-home.jpg,2,NYC First-Time Home Buyer Mortgages — Your Guide to Affordable and Confident Home Financing || NYC SRO Mortgages: Complete Financing Guide for Single Room Occupancy Properties,NYC First-Time Home Buyer Mortgages — Your Guide to Affordable and Confident Home Financing || NYC SRO Mortgages: Complete Financing Guide for Single Room Occupancy Properties,true,14,Why Standard Mortgage Pre-Approval Won't Work for SRO Properties || Why NYC Buyers Trust Stanley Montfort for SRO Property Guidance || Why SRO Financing Is Different From Traditional Residential Mortgages || SRO Mortgage Options and Lender Types || Down Payment and Cash Requirements || Pre-Approval Challenges for SRO Buyers || Essential Due Diligence Before SRO Financing || Property Inspection and Appraisal Considerations || Closing Costs and Timeline Considerations || Common SRO Financing Mistakes Buyers Make || Areas Stanley Serves for SRO Property Guidance || Frequently Asked Questions About NYC SRO Mortgages || Schedule Your SRO Property Consultation || Recent News & Realtor Advice,86,Why SRO Financing Is Different From Traditional Residential Mortgages || Areas Stanley Serves for SRO Property Guidance,8776,9,1,Article|FAQPage|BreadcrumbList|Service|Organization|RealEstateAgent|WebPage,750,141.7,88,false,https://montfortre.com/nyc-sro-mortgages/,
/nyc-first-time-home-buyer-mortages,200,true,route,NYC First time home buyer Mortages | Montfort Real Estate,NYC First time home buyer Mortages | Montfort Real Estate,true,57,"Discover NYC first time home buyer mortgage solutions with Montfort Mortgage. Explore financing options, pre-approvals, and expert guidance for buying your first home in New York City.","Discover NYC first time home buyer mortgage solutions with Montfort Mortgage. Explore financing options, pre-approvals, and expert guidance for buying your first home in New York City.",true,184,https://montfortre.com/nyc-first-time-home-buyer-mortages/,https://montfortre.com/nyc-first-time-home-buyer-mortages/,,https://montfortre.com/og-home.jpg,2,NYC First-Time Home Buyer Mortgages — Your Guide to Affordable and Confident Home Financing || NYC First Time Home Buyer Mortgages: Complete Guide for New York City,NYC First-Time Home Buyer Mortgages — Your Guide to Affordable and Confident Home Financing || NYC First Time Home Buyer Mortgages: Complete Guide for New York City,true,13,Why NYC First-Time Buyers Trust Stanley Montfort || Why NYC First-Time Buyers Choose Stanley Montfort for Mortgage Guidance || Understanding NYC First-Time Home Buyer Mortgages || NYC Mortgage Types for First-Time Buyers || NYC First-Time Buyer Financial Preparation || The NYC Mortgage Process: What to Expect || NYC First-Time Buyer Assistance Programs || Closing Costs and Additional Expenses || Common First-Time Buyer Mortgage Mistakes || NYC Areas I Serve for First-Time Buyer Guidance || Frequently Asked Questions About NYC First-Time Buyer Mortgages || Start Your NYC Home Buying Journey || Recent News & Realtor Advice,92,NYC Areas I Serve for First-Time Buyer Guidance,8407,8,1,Article|FAQPage|BreadcrumbList|Service|Organization|RealEstateAgent|WebPage,1333,136.8,88,false,https://montfortre.com/nyc-first-time-home-buyer-mortages/,
/services,200,true,route,Services | Montfort Real Estate,Services | Montfort Real Estate,true,31,"Explore Montfort Real Estate’s luxury real estate services in NYC, including buyer representation, home selling strategies, property investment guidance, multifamily real estate, co-ops, condos, and townhomes across Manhattan and Brooklyn.","Explore Montfort Real Estate’s luxury real estate services in NYC, including buyer representation, home selling strategies, property investment guidance, multifamily real estate, co-ops, condos, and townhomes across Manhattan and Brooklyn.",true,239,https://montfortre.com/services/,https://montfortre.com/services/,,https://montfortre.com/og-home.jpg,1,"NYC Realtor Services — Expert Representation for Buyers, Sellers & Investors",NYC Realtor Services,false,26,NYC Realtor Services || NYC Buyer’s Agent → || Buying a Condo in NYC || Buying a Brownstone in NYC || Buying SRO in NYC || Co-Ownership Buying in NYC || NYC Listing Agent → || Selling brownstones in NYC || Selling condos in NYC || Selling co-ops in NYC || Selling SROs in NYC || Selling probate properties in NYC || NYC Multifamily Real Estate Agent → || 2 Family house for sale NYC || 3 Family house for sale NYC || 4 Family house for sale NYC || NYC Free Home Valuation → || NYC condo free home valuation || NYC co-op free home valuation || NYC brownstone free home valuation || NYC SRO free home valuation || NYC Mortgage Calculator → || NYC Brownstone Mortgages || NYC SRO Mortgages || NYC First time home buyer Mortages || Recent News & Realtor Advice,81,NYC Buyer’s Agent → || NYC Listing Agent → || NYC Multifamily Real Estate Agent → || NYC Free Home Valuation → || NYC Mortgage Calculator →,7396,24,1,Organization|BreadcrumbList|RealEstateAgent|WebPage,925,149.3,128,false,https://montfortre.com/services/,
/crown-heights,200,true,route,Crown Heights | Montfort Real Estate,Crown Heights | Montfort Real Estate,true,36,"Explore Crown Heights real estate including brownstones, condos, co-ops, and luxury homes for sale in one of Brooklyn’s fastest-growing neighborhoods.","Explore Crown Heights real estate including brownstones, condos, co-ops, and luxury homes for sale in one of Brooklyn’s fastest-growing neighborhoods.",true,150,https://montfortre.com/crown-heights/,https://montfortre.com/crown-heights/,https://assets.agentfire3.com/uploads/sites/312/2021/06/crown-heights.png,https://montfortre.com/redesign-assets/og/crown-heights.png,2,Crown Heights || Crown Heights Real Estate Guide: Your Complete Neighborhood Investment Guide,Crown Heights || real estate,true,19,Expert Crown Heights Real Estate Insights and Market Analysis || Why Crown Heights is Perfect for Real Estate Investment || Crown Heights Real Estate Services || Top Crown Heights Property Types and Investment Opportunities || Your Crown Heights Property Purchase Process || Crown Heights Success Stories || Frequently Asked Questions || The Crown Heights Community and Lifestyle || Current and Future Development in Crown Heights || Start Your Crown Heights Real Estate Journey || Crown Heights Brownstones || Crown Heights Condos || Crown Heights Co-Ops || Crown Heights SROs || Crown Heights Co-Ownership || Want the full market report for Crown Heights? || Schools In The Area || Around The Area || Recent News & Realtor Advice,89,Want the full market report for Crown Heights? || Around The Area,9078,18,1,Article|FAQPage|BreadcrumbList|Service|Organization|RealEstateAgent,1124,197.1,112,false,https://montfortre.com/crown-heights/,
/nyc-buyers-agent-service,200,true,route,NYC Buyer’s Agent Service | Montfort Real Estate,NYC Buyer’s Agent Service | Montfort Real Estate,true,48,"Work with a trusted NYC buyer’s agent for luxury condos, co-ops, brownstones, and investment properties across Manhattan and Brooklyn.","Work with a trusted NYC buyer’s agent for luxury condos, co-ops, brownstones, and investment properties across Manhattan and Brooklyn.",true,134,https://montfortre.com/nyc-buyers-agent-service/,https://montfortre.com/nyc-buyers-agent-service/,,https://montfortre.com/og-home.jpg,2,NYC Buyer's Realtor Services — Expert Representation for Every Purchase || Expert Buyer's Agent: Real Estate Representation for Home Buyers in NYC,NYC Buyer&apos;s Realtor Services — Expert Representation for Every Purchase || Expert Buyer&apos;s Agent: Real Estate Representation for Home Buyers in NYC,true,16,Professional Guidance for Buying a Home in NYC || Why You Need a Buyer’s Agent in NYC || What to Look for in a NYC Buyer’s Agent || Finding and Hiring a Trustworthy NYC Buyer’s Agent || Stanley Montfort’s Buyer’s Agent Services || Stanley Montfort’s Top 10 Buyer’s Agent Services || Stanley Montfort’s Buyer Representation Process || Client Success Stories || Frequently Asked Questions || Get Started with Your NYC Home Search Now || Our Complete NYC Buyer’s Agent Service || Buying a Condo in NYC || Buying a Brownstone in NYC || Buying SRO in NYC || Co-Ownership Buying in NYC || Recent News & Realtor Advice,94,Professional Guidance for Buying a Home in NYC,8263,12,1,RealEstateAgent|FAQPage|BreadcrumbList|Service|Organization|WebPage,333,137.2,104,false,https://montfortre.com/nyc-buyers-agent-service/,
/nyc-multifamily-real-estate-agent-service,200,true,route,NYC Multifamily Real Estate Agent Service | Montfort Real Estate,NYC Multifamily Real Estate Agent Service | Montfort Real Estate,true,64,"Explore NYC multifamily real estate opportunities with expert guidance on investment properties, brownstones, mixed-use buildings, and income-producing assets across Manhattan and Brooklyn.","Explore NYC multifamily real estate opportunities with expert guidance on investment properties, brownstones, mixed-use buildings, and income-producing assets across Manhattan and Brooklyn.",true,189,https://montfortre.com/nyc-multifamily-real-estate-agent-service/,https://montfortre.com/nyc-multifamily-real-estate-agent-service/,,https://montfortre.com/og-home.jpg,2,NYC Multifamily Realtor — Strategic Representation for Property Investors || NYC Residential Multifamily Real Estate Agent Services,NYC Multifamily Realtor — Strategic Representation for Property Investors || NYC Residential Multifamily Real Estate Agent Services,true,13,Expert Guidance for Selling or Buying Multifamily Properties in NYC || Why Partnering with Stanley Montfort is Crucial for Your Multifamily Investment Success in NYC || Our Multifamily Real Estate Services || Our Top 5 NYC Residential Multifamily Property Types Stanley Specializes in || Stanley Montfort's Multifamily Transaction Process || Client Success Stories || Frequently Asked Questions || Get in Touch with Stanley Montfort || Our Complete NYC Buyer’s Agent Service || 2 Family house for sale NYC || 3 Family house for sale NYC || 4 Family house for sale NYC || Recent News & Realtor Advice,100,,7620,11,1,FAQPage|BreadcrumbList|Service|Organization|RealEstateAgent|WebPage,984,133.4,95,false,https://montfortre.com/nyc-multifamily-real-estate-agent-service/,
/park-slope-brownstone-2,200,true,route,Park Slope Brownstone | Montfort Real Estate,Park Slope Brownstone | Montfort Real Estate,true,44,"Explore Park Slope brownstones with Montfort Real Estate. Discover historic Brooklyn brownstones, classic townhomes, and luxury properties for sale in Park Slope NYC","Explore Park Slope brownstones with Montfort Real Estate. Discover historic Brooklyn brownstones, classic townhomes, and luxury properties for sale in Park Slope NYC",true,165,https://montfortre.com/park-slope-brownstone-2/,https://montfortre.com/park-slope-brownstone-2/,,https://montfortre.com/redesign-assets/og/park-slope.png,2,"Park Slope Brownstones — Experts for Buying, Selling & Investing || Park Slope Brownstone Realtor",,,9,Why Park Slope Buyers and Sellers Choose Stanley Montfort || What Sets Stanley Montfort Apart as Your Park Slope Brownstone Realtor || Park Slope Brownstone Real Estate Services || How Stanley Montfort Guides Your Park Slope Brownstone Transaction || Understanding the Park Slope Brownstone Market || Park Slope Areas Stanley Montfort Serves || Frequently Asked Questions About Park Slope Brownstone Transactions || Start Your Park Slope Brownstone Journey || Recent News & Realtor Advice,100,,7674,8,1,Service|BreadcrumbList|FAQPage|Organization|RealEstateAgent|WebPage,1164,135.4,89,false,https://montfortre.com/park-slope-brownstone-2/,
/park-slope-condo-2,200,true,route,Park Slope Condo | Montfort Real Estate,Park Slope Condo | Montfort Real Estate,true,39,"Explore Park Slope Condos with Montfort Real Estate. Discover historic Brooklyn brownstones, classic townhomes, and luxury properties for sale in Park Slope NYC","Explore Park Slope Condos with Montfort Real Estate. Discover historic Brooklyn brownstones, classic townhomes, and luxury properties for sale in Park Slope NYC",true,160,https://montfortre.com/park-slope-condo-2/,https://montfortre.com/park-slope-condo-2/,,https://montfortre.com/redesign-assets/og/park-slope.png,2,"Park Slope Condos — Experts realtor for Buying, Selling & Investing || Park Slope Condo Realtor",,,9,Why Park Slope Buyers and Sellers Trust Our Expertise || Why Park Slope Chooses Stanley Montfort for Condo Real Estate || Our Park Slope Condo Services || How We Guide Your Park Slope Condo Transaction || Park Slope Condo Market Expertise || Park Slope Areas We Serve || Frequently Asked Questions About Park Slope Condo Real Estate || Schedule Your Park Slope Condo Consultation || Recent News & Realtor Advice,100,,6754,8,1,Service|BreadcrumbList|FAQPage|Organization|RealEstateAgent|WebPage,803,126.7,89,false,https://montfortre.com/park-slope-condo-2/,
/park-slope-coops,200,true,route,Park Slope Coops | Montfort Real Estate,Park Slope Coops | Montfort Real Estate,true,39,"Explore Park Slope co-ops with Montfort Real Estate. Discover available co-op apartments, buying opportunities, and expert guidance in Park Slope, Brooklyn","Explore Park Slope co-ops with Montfort Real Estate. Discover available co-op apartments, buying opportunities, and expert guidance in Park Slope, Brooklyn",true,155,https://montfortre.com/park-slope-coops/,https://montfortre.com/park-slope-coops/,,https://montfortre.com/redesign-assets/og/park-slope.png,2,"Park Slope Co-ops — Experts realtor for Buying, Selling & Investing || Park Slope Co-ops Realtor",,,10,Why Park Slope Condo Buyers and Sellers Trust Stanley Montfort || Why Park Slope Chooses Stanley Montfort for Condo Real Estate || Park Slope Condo Real Estate Services | Park Slope Real Estate || How Stanley Evaluates Park Slope Condos || Park Slope Condo Market Expertise || What Park Slope Condo Clients Say || Park Slope Areas We Serve in Brooklyn NY || Frequently Asked Questions About Park Slope Condos || Get Expert Park Slope Condo Guidance || Recent News & Realtor Advice,100,,7429,8,1,BreadcrumbList|Organization|RealEstateAgent|WebPage,898,126.9,88,false,https://montfortre.com/park-slope-coops/,
/park-slope-sro-2,200,true,route,Park Slope SRO | Montfort Real Estate,Park Slope SRO | Montfort Real Estate,true,37,"Explore Park Slope SROs with Montfort Real Estate. Discover SRO properties, investment opportunities, and expert guidance for buying and selling in Park Slope, Brooklyn","Explore Park Slope SROs with Montfort Real Estate. Discover SRO properties, investment opportunities, and expert guidance for buying and selling in Park Slope, Brooklyn",true,168,https://montfortre.com/park-slope-sro-2/,https://montfortre.com/park-slope-sro-2/,,https://montfortre.com/redesign-assets/og/park-slope.png,2,"Park Slope SRO — Experts realtor for Buying, Selling & Investing || Park Slope SROs Realtor",,,10,Why Park Slope Trusts Stanley Montfort for SRO Transactions || Why Park Slope Chooses Stanley Montfort for SRO Real Estate || Park Slope SRO Real Estate Services || How Park Slope SRO Transactions Work || Park Slope SRO Legal and Regulatory Considerations || Park Slope SRO Financing and Investment Considerations || Park Slope Areas Served for SRO Transactions || Frequently Asked Questions About Park Slope SRO Real Estate || Get Expert SRO Guidance in Park Slope || Recent News & Realtor Advice,90,Why Park Slope Trusts Stanley Montfort for SRO Transactions,7155,8,1,Service|BreadcrumbList|FAQPage|Organization|RealEstateAgent|WebPage,879,132.2,88,false,https://montfortre.com/park-slope-sro-2/,
/test,200,false,,Test | Montfort Real Estate,,,27,,,,0,https://montfortre.com/test/,,,,0,,,,2,About this property || Want to take a tour of this property?,,,3612,5,1,Organization|BreadcrumbList|RealEstateAgent|Product,871,100.3,81,false,https://montfortre.com/test/,
/park-slope-coownership-2,200,true,route,Park Slope Coownership | Montfort Real Estate,Park Slope Coownership | Montfort Real Estate,true,45,"Explore Park Slope co-ownership with Montfort Real Estate. Discover co-ownership properties, investment opportunities, and expert guidance for buying and selling in Park Slope, Brooklyn","Explore Park Slope co-ownership with Montfort Real Estate. Discover co-ownership properties, investment opportunities, and expert guidance for buying and selling in Park Slope, Brooklyn",true,185,https://montfortre.com/park-slope-coownership-2/,https://montfortre.com/park-slope-coownership-2/,,https://montfortre.com/redesign-assets/og/park-slope.png,2,"Park Slope co-ownership— Experts realtor for Buying, Selling & Investing || Park Slope Co-Ownership Realtor",,,14,Why Park Slope Buyers Trust Stanley Montfort for Co-Ownership Real Estate || Why Co-Buyers Choose a Dedicated Park Slope Co-Ownership Real Estate Agent || Park Slope Co-Ownership Real Estate Services || How Park Slope Co-Ownership Real Estate Works || Co-Ownership Success Stories in Park Slope || What Park Slope Co-Ownership Clients Say || Park Slope Areas We Serve for Co-Ownership || Frequently Asked Questions About Park Slope Co-Ownership || Park Slope SRO Financing and Investment Considerations || Park Slope Areas Served for SRO Transactions || Frequently Asked Questions About Park Slope SRO Real Estate || Get Expert SRO Guidance in Park Slope || Start Your Park Slope Co-Ownership Search || Recent News & Realtor Advice,100,,7957,8,1,Service|BreadcrumbList|FAQPage|Organization|RealEstateAgent|WebPage,798,138.7,90,false,https://montfortre.com/park-slope-coownership-2/,
/harlem,200,true,route,Harlem | Montfort Real Estate,Harlem | Montfort Real Estate,true,29,"Explore Harlem realtor service including brownstones, condos, co-ops, and luxury homes for sale. Discover the Harlem lifestyle, investment opportunities, and NYC living with Montfort Real Estate.","Explore Harlem real estate including brownstones, condos, co-ops, and luxury homes for sale. Discover the Harlem lifestyle, investment opportunities, and NYC living with Montfort Real Estate.",false,195,https://montfortre.com/harlem/,https://montfortre.com/harlem/,https://assets.agentfire3.com/uploads/sites/312/2021/06/harlem.png,https://montfortre.com/redesign-assets/og/harlem.png,2,Harlem || Harlem Realtor - Expert Real Estate Agent for Buyers and Sellers,Harlem || real estate,true,16,Why Harlem Buyers and Sellers Choose Stanley Montfort || Why Harlem Chooses Stanley Montfort for Real Estate Services || Harlem Real Estate Services || How Working with a Harlem Realtor Works || Harlem Real Estate Market Expertise || Harlem Areas We Serve || Frequently Asked Questions About Working with a Harlem Realtor || Ready to Buy or Sell in Harlem? || Harlem Brownstones || Harlem Condos || Harlem sros || Harlem Co-Ownership || Want the full market report for Harlem? || Schools In The Area || Around The Area || Local News & Advice,88,Want the full market report for Harlem? || Around The Area,7953,17,1,Service|BreadcrumbList|FAQPage|Organization|RealEstateAgent,995,213.2,110,false,https://montfortre.com/harlem/,
/buying-a-condo-in-nyc,200,true,route,Buying a Condo in NYC | Montfort Real Estate,Buying a Condo in NYC | Montfort Real Estate,true,44,"Learn how to buy a condo in NYC with expert guidance on financing, neighborhoods, closing costs, luxury buildings, and navigating Manhattan and Brooklyn real estate.","Learn how to buy a condo in NYC with expert guidance on financing, neighborhoods, closing costs, luxury buildings, and navigating Manhattan and Brooklyn real estate.",true,165,https://montfortre.com/buying-a-condo-in-nyc/,https://montfortre.com/buying-a-condo-in-nyc/,,https://montfortre.com/og-home.jpg,2,Buying a Condo in NYC — Expert Guidance for a Smart Purchase || Buying a Condo in NYC - A Complete Guide,Buying a Condo in NYC — Expert Guidance for a Smart Purchase || Buying a Condo in NYC - A Complete Guide,true,9,Get Expert Advice on Buying a Condo in NYC || Why Buying a Condo in NYC is a Smart Investment Move || Our NYC Condo Buying Services || Top 10 Critical Factors to Consider When Buying a NYC Condo || Our NYC Condo Buying Process - It's Been Done Before || Success Stories from Our NYC Condo Buyers || Frequently Asked Questions || Start Your NYC Condo Journey Today - Get Expert Guidance || Recent News & Realtor Advice,100,,6458,8,1,Article|FAQPage|BreadcrumbList|Service|Organization|RealEstateAgent|WebPage,658,119.9,87,false,https://montfortre.com/buying-a-condo-in-nyc/,
/stanley-montfort,200,true,route,Stanley Montfort | Montfort Real Estate,Stanley Montfort | Montfort Real Estate,true,39,"Meet Stanley Montfort, NYC real estate expert specializing in brownstones and townhouses with over $1B in sales and proven results.","Meet Stanley Montfort, NYC real estate expert specializing in brownstones and townhouses with over $1B in sales and proven results.",true,131,https://montfortre.com/stanley-montfort/,https://montfortre.com/stanley-montfort/,,https://montfortre.com/og-home.jpg,2,Stanley Montfort || A little about me,Stanley Montfort,true,0,,,,4365,6,1,Person|ProfilePage|BreadcrumbList|Organization|RealEstateAgent,1062,101.8,81,false,https://montfortre.com/stanley-montfort/,
/upper-west-side,200,true,route,Upper West Side | Montfort Real Estate,Upper West Side | Montfort Real Estate,true,38,"Discover Upper West Side real estate including luxury condos, co-ops, brownstones, and homes for sale near Central Park in one of Manhattan’s most iconic neighborhoods.","Discover Upper West Side real estate including luxury condos, co-ops, brownstones, and homes for sale near Central Park in one of Manhattan’s most iconic neighborhoods.",true,168,https://montfortre.com/upper-west-side/,https://montfortre.com/upper-west-side/,https://assets.agentfire3.com/uploads/sites/312/2021/06/upper-west-side.png,https://montfortre.com/redesign-assets/og/upper-west-side.png,2,Upper West Side || Upper West Side Realtor,Upper West Side || real estate,true,17,Why Upper West Side Buyers and Sellers Choose Stanley Montfort || Working With an Upper West Side Realtor || Upper West Side Real Estate Market Analysis || Buying Real Estate on the Upper West Side || Selling Real Estate on the Upper West Side || Upper West Side Property Types || Upper West Side Real Estate by Area || Upper West Side Areas We Serve || Frequently Asked Questions About Upper West Side Real Estate || Contact Stanley Montfort for Upper West Side Real Estate || Upper West Side Townhouses || Upper West Side Condos || Upper East Side Co-Ops || Want the full market report for Upper West Side? || Schools In The Area || Around The Area || Local News & Advice,88,Want the full market report for Upper West Side? || Around The Area,8689,16,1,Service|BreadcrumbList|Organization|RealEstateAgent,1030,187.9,108,false,https://montfortre.com/upper-west-side/,
/upper-east-side,200,true,route,Upper East Side | Montfort Real Estate,Upper East Side | Montfort Real Estate,true,38,"Explore Upper East Side real estate including luxury condos, co-ops, brownstones, and homes for sale in one of Manhattan’s most prestigious neighborhoods.","Explore Upper East Side real estate including luxury condos, co-ops, brownstones, and homes for sale in one of Manhattan’s most prestigious neighborhoods.",true,154,https://montfortre.com/upper-east-side/,https://montfortre.com/upper-east-side/,https://assets.agentfire3.com/uploads/sites/312/2021/06/upper-east-side.png,https://montfortre.com/redesign-assets/og/upper-east-side.png,2,Upper East Side || Upper East Side Realtor,Upper East Side || real estate,true,15,Why Upper East Side Buyers and Sellers Trust Stanley Montfort || Why Upper East Side Clients Choose Stanley Montfort as Their Realtor || Upper East Side Real Estate Services || How Working with an Upper East Side Realtor Works || Upper East Side Real Estate Results || Upper East Side Real Estate by Area || Frequently Asked Questions About Upper East Side Real Estate || Start Your Upper East Side Real Estate Journey || Upper East Side Townhouses || Upper East Side Condos || Upper East Side Co-Ops || Want the full market report for Upper East Side? || Schools In The Area || Around The Area || Local News & Advice,87,Want the full market report for Upper East Side? || Around The Area,7852,16,4,Service|BreadcrumbList|FAQPage|Organization|RealEstateAgent,588,184,108,false,https://montfortre.com/upper-east-side/,
/chelsea,200,true,route,Chelsea | Montfort Real Estate,Chelsea | Montfort Real Estate,true,30,"Explore Chelsea real estate including luxury condos, lofts, brownstones, and homes for sale in one of Manhattan’s most vibrant and desirable neighborhoods.","Explore Chelsea real estate including luxury condos, lofts, brownstones, and homes for sale in one of Manhattan’s most vibrant and desirable neighborhoods.",true,155,https://montfortre.com/chelsea/,https://montfortre.com/chelsea/,https://assets.agentfire3.com/uploads/sites/312/2021/06/chelsea.png,https://montfortre.com/redesign-assets/og/chelsea.png,2,Chelsea || Chelsea Realtors,Chelsea || real estate,true,16,Why Chelsea Buyers and Sellers Choose Stanley Montfort || What Sets Our Chelsea and New York Real Estate Service Apart || Our Chelsea Real Estate Services || Working With a Chelsea Realtor || Understanding the Chelsea and New York Real Estate Market || Chelsea Property Types and Investment Considerations || Chelsea Neighborhoods and Micro-Markets || Frequently Asked Questions About Chelsea and New York Real Estate || Schedule Your Chelsea and New York Real Estate Consultation || Chelsea Townhouses || Chelsea Condos || Chelsea Co-Ops || Want the full market report for Chelsea? || Schools In The Area || Around The Area || Local News & Advice,75,Why Chelsea Buyers and Sellers Choose Stanley Montfort || Our Chelsea Real Estate Services || Want the full market report for Chelsea? || Around The Area,7772,16,4,Service|BreadcrumbList|FAQPage|Organization|RealEstateAgent,937,180.2,109,false,https://montfortre.com/chelsea/,
/downtown-brooklyn,200,true,route,Downtown Brooklyn | Montfort Real Estate,Downtown Brooklyn | Montfort Real Estate,true,40,"Explore Downtown Brooklyn real estate including luxury condos, brownstones, co-ops, and homes for sale near Brooklyn Heights, Fort Greene, and the Brooklyn waterfront.","Explore Downtown Brooklyn real estate including luxury condos, brownstones, co-ops, and homes for sale near Brooklyn Heights, Fort Greene, and the Brooklyn waterfront.",true,167,https://montfortre.com/downtown-brooklyn/,https://montfortre.com/downtown-brooklyn/,https://assets.agentfire3.com/uploads/sites/312/2021/06/downtown-brooklyn.png,https://montfortre.com/redesign-assets/og/downtown-brooklyn.png,2,Downtown Brooklyn || Downtown Brooklyn Realtor,Downtown Brooklyn || real estate,true,18,Why Downtown Brooklyn Trusts Stanley Montfort || Why Choose a Specialized Downtown Brooklyn Real Estate Agent || Downtown Brooklyn Real Estate Services || Working With a Downtown Brooklyn Realtor || Downtown Brooklyn Real Estate Market Expertise || Downtown Brooklyn Condos || Downtown Brooklyn Property Values: What Drives Pricing || Downtown Brooklyn Real Estate by Area || High-Rise and Full-Service Buildings || Downtown Brooklyn Areas Served || Frequently Asked Questions About Downtown Brooklyn Real Estate || Get Expert Downtown Brooklyn Real Estate Guidance || Downtown Brooklyn Condos || Downstone Brooklyn Co-Ops || Want the full market report for Downtown Brooklyn? || Schools In The Area || Around The Area || Local News & Advice,89,Want the full market report for Downtown Brooklyn? || Around The Area,8450,15,4,Service|BreadcrumbList|FAQPage|Organization|RealEstateAgent,955,185.2,103,false,https://montfortre.com/downtown-brooklyn/,
/dumbo,200,true,route,Dumbo | Montfort Real Estate,Dumbo | Montfort Real Estate,true,28,"Explore DUMBO real estate including luxury condos, lofts, waterfront homes, and investment properties in one of Brooklyn’s most iconic neighborhoods.","Explore DUMBO real estate including luxury condos, lofts, waterfront homes, and investment properties in one of Brooklyn’s most iconic neighborhoods.",true,149,https://montfortre.com/dumbo/,https://montfortre.com/dumbo/,https://assets.agentfire3.com/uploads/sites/312/2021/06/dumbo.png,https://montfortre.com/redesign-assets/og/dumbo.png,2,Dumbo || DUMBO Realtor: Expert Real Estate Agent for Buying and Selling in DUMBO Brooklyn,Dumbo || real estate,true,16,Why DUMBO Buyers and Sellers Choose Stanley Montfort || What Sets Our DUMBO Real Estate Services Apart || Our DUMBO Real Estate Services || How Working with a DUMBO Realtor Works || DUMBO Real Estate Market Expertise || DUMBO Property Types and Building Analysis || Client Results in DUMBO Real Estate || DUMBO Areas We Serve || Frequently Asked Questions About DUMBO Real Estate || Contact Stanley Montfort - Your DUMBO Real Estate Expert || Dumbo Condos || Dumbo Co-Ops || Want the full market report for Dumbo? || Schools In The Area || Around The Area || Local News & Advice,81,What Sets Our DUMBO Real Estate Services Apart || Want the full market report for Dumbo? || Around The Area,8216,15,4,Service|BreadcrumbList|FAQPage|Organization|RealEstateAgent,1255,181.7,106,false,https://montfortre.com/dumbo/,
/brooklyn-heights,200,true,route,Brooklyn Heights | Montfort Real Estate,Brooklyn Heights | Montfort Real Estate,true,39,"Explore Brooklyn Heights real estate including luxury brownstones, condos, waterfront homes, and historic properties in one of Brooklyn’s most prestigious neighborhoods.","Explore Brooklyn Heights real estate including luxury brownstones, condos, waterfront homes, and historic properties in one of Brooklyn’s most prestigious neighborhoods.",true,169,https://montfortre.com/brooklyn-heights/,https://montfortre.com/brooklyn-heights/,https://assets.agentfire3.com/uploads/sites/312/2021/06/brooklyn-heights.png,https://montfortre.com/redesign-assets/og/brooklyn-heights.png,2,Brooklyn Heights || Brooklyn Heights Realtor,Brooklyn Heights || real estate,true,19,Brooklyn Heights Real Estate Market Overview || Why Brooklyn Heights Clients Trust Stanley Montfort || Working With a Brooklyn Heights Realtor || Brooklyn Heights Real Estate Services || Brooklyn Heights Property Values and Pricing || Brooklyn Heights Real Estate by Property Type || Brooklyn Heights Neighborhoods and Micro-Markets || Historic District Considerations || What Brooklyn Heights Clients Say || Brooklyn Heights Service Area || Frequently Asked Questions About Brooklyn Heights Real Estate || Contact Your Brooklyn Heights Realtor || Brooklyn Heights Townhouses || Brooklyn Heights Condos || Brooklyn Heights Co-Ops || Want the full market report for Brooklyn Heights? || Schools In The Area || Around The Area || Local News & Advice,89,Want the full market report for Brooklyn Heights? || Around The Area,9183,16,4,Service|BreadcrumbList|FAQPage|Organization|RealEstateAgent,741,191.2,109,false,https://montfortre.com/brooklyn-heights/,
/bedford-stuyvesant,200,true,route,Bedford-Stuyvesant | Montfort Real Estate,Bedford-Stuyvesant | Montfort Real Estate,true,41,"Explore Bedford-Stuyvesant real estate including historic brownstones, luxury condos, townhomes, and investment properties in one of Brooklyn’s most iconic neighborhoods.","Explore Bedford-Stuyvesant real estate including historic brownstones, luxury condos, townhomes, and investment properties in one of Brooklyn’s most iconic neighborhoods.",true,170,https://montfortre.com/bedford-stuyvesant/,https://montfortre.com/bedford-stuyvesant/,https://assets.agentfire3.com/uploads/sites/312/2021/06/bedford-stuyvesant.png,https://montfortre.com/redesign-assets/og/bedford-stuyvesant.png,2,Bedford-Stuyvesant || Bedford-Stuyvesant Realtor,Bedford-Stuyvesant || real estate,true,19,Expert Bedford-Stuyvesant Real Estate Representation || Why Bedford-Stuyvesant Clients Trust Stanley Montfort || Why Choose an Experienced Bedford-Stuyvesant Realtor || Bedford-Stuyvesant Real Estate Services || Bedford-Stuyvesant Real Estate Market Expertise || Bed-Stuy Property Types and Considerations || Historic District and Legal Considerations || Bedford-Stuyvesant Areas We Serve || Frequently Asked Questions About Bedford-Stuyvesant Real Estate || Start Your Bedford-Stuyvesant Real Estate Journey || Bedford stuyvesant Brownstones || Bedford stuyvesant Condos || Bedford stuyvesant Co-Ops || Bedford stuyvesant SROs || Bedford stuyvesant Co-Ownership || Want the full market report for Bedford-Stuyvesant? || Schools In The Area || Around The Area || Local News & Advice,89,Want the full market report for Bedford-Stuyvesant? || Around The Area,8249,18,3,Service|BreadcrumbList|FAQPage|Organization|RealEstateAgent,750,185.2,112,false,https://montfortre.com/bedford-stuyvesant/,
/williamsburg,200,true,route,Williamsburg | Montfort Real Estate,Williamsburg | Montfort Real Estate,true,35,"Explore Williamsburg real estate including luxury condos, waterfront apartments, brownstones, and homes for sale in one of Brooklyn’s trendiest neighborhoods.","Explore Williamsburg real estate including luxury condos, waterfront apartments, brownstones, and homes for sale in one of Brooklyn’s trendiest neighborhoods.",true,158,https://montfortre.com/williamsburg/,https://montfortre.com/williamsburg/,https://assets.agentfire3.com/uploads/sites/312/2021/06/williamsburg.png,https://montfortre.com/redesign-assets/og/williamsburg.png,2,Williamsburg || Williamsburg Realtor – Expert Real Estate Services in Williamsburg Brooklyn,Williamsburg || real estate,true,16,Why Williamsburg Buyers and Sellers Choose Stanley Montfort || Comprehensive Williamsburg Real Estate Services || Working With a Williamsburg Realtor || Williamsburg Real Estate Market Insights || Williamsburg Property Types and Markets || Williamsburg Real Estate by Area || Frequently Asked Questions About Williamsburg Real Estate || Start Your Williamsburg Real Estate Journey || Williamsburg Brownstones || Williamsburg Condos || Williamsburg Co-Ops || Williamsburg Co-Ownership || Want the full market report for Williamsburg? || Schools In The Area || Around The Area || Local News & Advice,88,Want the full market report for Williamsburg? || Around The Area,8309,17,2,Service|BreadcrumbList|FAQPage|Organization|RealEstateAgent,931,187.1,109,false,https://montfortre.com/williamsburg/,
/park-slope,200,true,route,Park Slope | Montfort Real Estate,Park Slope | Montfort Real Estate,true,33,"Find your trusted Park Slope realtor with Montfort Real Estate. Get expert guidance for buying, selling, and investing in Park Slope's competitive Brooklyn real estate market","Find your trusted Park Slope realtor with Montfort Real Estate. Get expert guidance for buying, selling, and investing in Park Slope's competitive Brooklyn real estate market",true,174,https://montfortre.com/park-slope/,https://montfortre.com/park-slope/,https://assets.agentfire3.com/uploads/sites/312/2026/08/park-slope.png,https://montfortre.com/redesign-assets/og/park-slope.png,2,Park Slope || Park Slope Realtor,Park Slope || real estate,true,18,Why Park Slope Buyers and Sellers Trust Our Brownstone Expertise || Why Choose Our Park Slope Brownstone Real Estate Services || Our Park Slope Brownstone Services || How Our Brownstone Process Works || Recent Park Slope Brownstone Results || What Our Brownstone Clients Say || Park Slope Areas We Serve || Frequently Asked Questions About Park Slope Brownstones || Start Your Park Slope Brownstone Search or Sale || Park Slope Brownstones || Park Slope Condos || Park Slope Co-Ops || Park Slope Coownership || Park Slope SRO || Want the full market report for Park Slope? || Schools In The Area || Around The Area || Recent News & Realtor Advice,89,Want the full market report for Park Slope? || Around The Area,8133,18,1,Service|BreadcrumbList|FAQPage|Organization|RealEstateAgent,944,191.4,111,false,https://montfortre.com/park-slope/,
/harlem-brownstones,200,true,route,Harlem Brownstones | Montfort Real Estate,Harlem Brownstones | Montfort Real Estate,true,41,"Explore Harlem brownstones for sale and investment opportunities with Montfort Real Estate. Get expert guidance on buying, selling, and valuing historic brownstones in Harlem NYC.","Explore Harlem brownstones for sale and investment opportunities with Montfort Real Estate. Get expert guidance on buying, selling, and valuing historic brownstones in Harlem NYC.",true,179,https://montfortre.com/harlem-brownstones/,https://montfortre.com/harlem-brownstones/,,https://montfortre.com/redesign-assets/og/harlem.png,2,"Harlem Brownstones — Expert Guidance for Buyers, Sellers & Investors || Harlem Brownstone Realtor","Harlem Brownstones — Expert Guidance for Buyers, Sellers & Investors",true,14,Why Harlem Brownstone Buyers and Sellers Trust Stanley Montfort || Why Harlem Brownstone Transactions Require a Specialized Realtor || Harlem Brownstone Real Estate Services || How Harlem Brownstone Transactions Work || How Harlem Brownstones Are Valued || One-Family Through Four-Family Harlem Brownstones || Harlem Brownstone Market by Area || Historic District Considerations for Harlem Brownstone Owners || Financing Considerations for Harlem Brownstones || Harlem Brownstone Market Results || Harlem Areas Served || Frequently Asked Questions About Harlem Brownstone Transactions || Get Expert Harlem Brownstone Representation || Recent News & Realtor Advice,100,,7843,8,4,Service|BreadcrumbList|FAQPage|Organization|RealEstateAgent|WebPage,1277,136.7,89,false,https://montfortre.com/harlem-brownstones/,
/harlem-condos,200,true,route,Harlem Condos | Montfort Real Estate,Harlem Condos | Montfort Real Estate,true,36,"Explore Harlem condos for sale with Montfort Real Estate. Discover modern condo living, investment opportunities, and expert guidance for buying or selling condos in Harlem NYC.","Explore Harlem condos for sale with Montfort Real Estate. Discover modern condo living, investment opportunities, and expert guidance for buying or selling condos in Harlem NYC.",true,177,https://montfortre.com/harlem-condos/,https://montfortre.com/harlem-condos/,,https://montfortre.com/redesign-assets/og/harlem.png,2,"Harlem Condos — Expert Guidance for Buyers, Sellers & Investors || Harlem Condos Realtor","Harlem Condos — Expert Guidance for Buyers, Sellers & Investors",true,16,Why Harlem Condo Buyers and Sellers Choose Stanley Montfort || Harlem Condo Real Estate Market Overview || Our Harlem Condo Realtor Services || How Working with a Harlem Condo Realtor Works || Buying a Condo in Harlem || Selling a Harlem Condo || How Harlem Condos Are Valued || Harlem Condos by Area || Resale Condos vs New Development in Harlem || Sponsor Units and Sponsor Sales in Harlem || Stanley Montfort's Harlem Condo Expertise || What Harlem Condo Clients Say || Harlem Neighborhoods We Serve || Frequently Asked Questions About Harlem Condos || Contact Your Harlem Condos Realtor || Recent News & Realtor Advice,6,Why Harlem Condo Buyers and Sellers Choose Stanley Montfort || Harlem Condo Real Estate Market Overview || Our Harlem Condo Realtor Services || How Working with a Harlem Condo Realtor Works || Buying a Condo in Harlem || Selling a Harlem Condo || How Harlem Condos Are Valued || Harlem Condos by Area || Resale Condos vs New Development in Harlem || Sponsor Units and Sponsor Sales in Harlem || Stanley Montfort's Harlem Condo Expertise || What Harlem Condo Clients Say || Harlem Neighborhoods We Serve || Frequently Asked Questions About Harlem Condos || Contact Your Harlem Condos Realtor,7691,8,4,Service|BreadcrumbList|FAQPage|Organization|RealEstateAgent|WebPage,1313,135.3,89,false,https://montfortre.com/harlem-condos/,
/harlem-co-ops,200,true,route,Harlem Co-Ops | Montfort Real Estate,Harlem Co-Ops | Montfort Real Estate,true,36,"Explore Harlem co-ops for sale with Montfort Real Estate. Discover modern condo living, investment opportunities, and expert guidance for buying or selling condos in Harlem NYC.","Explore Harlem co-ops for sale with Montfort Real Estate. Discover modern condo living, investment opportunities, and expert guidance for buying or selling condos in Harlem NYC.",true,177,https://montfortre.com/harlem-co-ops/,https://montfortre.com/harlem-co-ops/,,https://montfortre.com/redesign-assets/og/harlem.png,2,"Harlem Co-Ops— Expert Guidance for Buyers, Sellers & Investors || Harlem Co-Ops Realtor | Expert Co-Op Buyer & Seller Representation","Harlem Co-Ops— Expert Guidance for Buyers, Sellers & Investors",true,10,Expert Harlem Co-Op Real Estate Representation || Why Harlem Co-Op Buyers and Sellers Trust Stanley Montfort || Why Choose Stanley Montfort as Your Harlem Co-Op Realtor || Harlem Co-Op Real Estate Services || The Harlem Co-Op Transaction Process || Harlem Co-Op Market Expertise || Harlem Co-Op Areas Served || Frequently Asked Questions About Harlem Co-Ops || Get Expert Harlem Co-Op Representation || Recent News & Realtor Advice,20,Expert Harlem Co-Op Real Estate Representation || Why Harlem Co-Op Buyers and Sellers Trust Stanley Montfort || Why Choose Stanley Montfort as Your Harlem Co-Op Realtor || The Harlem Co-Op Transaction Process || Harlem Co-Op Market Expertise || Harlem Co-Op Areas Served || Frequently Asked Questions About Harlem Co-Ops || Get Expert Harlem Co-Op Representation,6586,8,4,Service|BreadcrumbList|FAQPage|Organization|RealEstateAgent|WebPage,604,125.8,89,false,https://montfortre.com/harlem-co-ops/,
/nyc-listing-agent-service,200,true,route,NYC Listing Agent Service | Montfort Real Estate,NYC Listing Agent Service | Montfort Real Estate,true,48,"Sell your NYC property with a trusted luxury listing agent specializing in condos, co-ops, brownstones, and multifamily real estate across Manhattan and Brooklyn.","Sell your NYC property with a trusted luxury listing agent specializing in condos, co-ops, brownstones, and multifamily real estate across Manhattan and Brooklyn.",true,162,https://montfortre.com/nyc-listing-agent-service/,https://montfortre.com/nyc-listing-agent-service/,,https://montfortre.com/og-home.jpg,1,Expert NYC Listing Agent Services from Stanley Montfort,Expert NYC Listing Agent Services from Stanley Montfort,true,21,NYC Listing Realtor Services — Maximize Your Home's Value and Sell with Confidence || Top Notch Home Selling Services from a Seasoned NYC Real Estate Pro || The Importance of a Listing Agent || Finding the Right Agent || Agent Qualifications & Experience - What You Need to KnowWhen Trying to Figure Out Which Real Estate Agent to Hire || Our Listing Services || Our Top 10 NYC Listing Agent Specialties || Local Market Knowledge || Guarantees and Performance || Red Flags and New Opportunities || Our Home Selling Process || Client Success Stories || Frequently Asked Questions || Get In Touch with Stanley Montfort || Our Complete NYC Buyer’s Agent Service || Selling brownstones in NYC || Selling condos in NYC || Selling co-ops in NYC || Selling SROs in NYC || Selling probate properties in NYC || Featured NYC Home Buying Resources,100,,7958,13,1,FAQPage|BreadcrumbList|Service|Organization|RealEstateAgent|WebPage,520,135.5,99,false,https://montfortre.com/nyc-listing-agent-service/,
/harlem-sros,200,true,route,Harlem SROS | Montfort Real Estate,Harlem SROS | Montfort Real Estate,true,34,"Explore Harlem SRO properties with Montfort Real Estate. Learn about Single Room Occupancy investments, financing, regulations, and opportunities in Harlem NYC.","Explore Harlem SRO properties with Montfort Real Estate. Learn about Single Room Occupancy investments, financing, regulations, and opportunities in Harlem NYC.",true,160,https://montfortre.com/harlem-sros/,https://montfortre.com/harlem-sros/,,https://montfortre.com/redesign-assets/og/harlem.png,2,"Harlem SROs — Expert Guidance for Buyers, Sellers & Investors || Harlem SRO Realtor","Harlem SROs — Expert Guidance for Buyers, Sellers & Investors",true,9,Why Harlem SRO Buyers and Sellers Trust Stanley Montfort || Why Choose a Specialized Harlem SRO Real Estate Agent || Harlem SRO Real Estate Services || How Stanley Evaluates Harlem SRO Properties || Recent Harlem SRO Transactions || Harlem Areas We Serve for SRO Real Estate || Frequently Asked Questions About Harlem SRO Real Estate || Start Your Harlem SRO Real Estate Transaction || Recent News & Realtor Advice,11,Why Harlem SRO Buyers and Sellers Trust Stanley Montfort || Why Choose a Specialized Harlem SRO Real Estate Agent || Harlem SRO Real Estate Services || How Stanley Evaluates Harlem SRO Properties || Recent Harlem SRO Transactions || Harlem Areas We Serve for SRO Real Estate || Frequently Asked Questions About Harlem SRO Real Estate || Start Your Harlem SRO Real Estate Transaction,6861,8,4,Service|BreadcrumbList|FAQPage|Organization|RealEstateAgent|WebPage,1138,129.1,88,false,https://montfortre.com/harlem-sros/,
/harlem-co-ownership,200,true,route,Harlem Co-Ownership | Montfort Real Estate,Harlem Co-Ownership | Montfort Real Estate,true,42,"Explore Harlem co-ownership opportunities with Montfort Real Estate. Learn how shared ownership works, discover investment strategies, and find co-owned properties in Harlem NYC.","Explore Harlem co-ownership opportunities with Montfort Real Estate. Learn how shared ownership works, discover investment strategies, and find co-owned properties in Harlem NYC.",true,178,https://montfortre.com/harlem-co-ownership/,https://montfortre.com/harlem-co-ownership/,,https://montfortre.com/redesign-assets/og/harlem.png,2,"Harlem Co-Ownership — Expert Guidance for Buyers, Sellers & Investors || Harlem Co-Ownership Realtor","Harlem Co-Ownership — Expert Guidance for Buyers, Sellers & Investors",true,13,Why Harlem Co-Buyers Choose Stanley Montfort || Harlem Co-Ownership Real Estate Expertise || Working With a Harlem Co-Ownership Realtor || Our Harlem Co-Ownership Services || Choosing the Right Harlem Property for Co-Ownership || Harlem Neighborhoods for Co-Ownership || Financing and Affordability Considerations || Due Diligence for Co-Buyers || Exit Strategy and Resale Planning || Harlem and Upper Manhattan Areas We Serve || Frequently Asked Questions || Start Your Harlem Co-Ownership Property Search || Recent News & Realtor Advice,15,Why Harlem Co-Buyers Choose Stanley Montfort || Harlem Co-Ownership Real Estate Expertise || Working With a Harlem Co-Ownership Realtor || Our Harlem Co-Ownership Services || Choosing the Right Harlem Property for Co-Ownership || Harlem Neighborhoods for Co-Ownership || Financing and Affordability Considerations || Due Diligence for Co-Buyers || Exit Strategy and Resale Planning || Harlem and Upper Manhattan Areas We Serve || Start Your Harlem Co-Ownership Property Search,7247,8,4,Service|BreadcrumbList|FAQPage|Organization|RealEstateAgent|WebPage,777,131.8,89,false,https://montfortre.com/harlem-co-ownership/,
/upper-west-side-townhouses,200,true,route,Upper West Side Townhouses | Montfort Real Estate,Upper West Side Townhouses | Montfort Real Estate,true,49,"Explore Upper West Side townhouses with Montfort Real Estate. Discover luxury townhomes, historic brownstones, and investment opportunities on Manhattan’s Upper West Side.","Explore Upper West Side townhouses with Montfort Real Estate. Discover luxury townhomes, historic brownstones, and investment opportunities on Manhattan's Upper West Side.",false,171,https://montfortre.com/upper-west-side-townhouses/,https://montfortre.com/upper-west-side-townhouses/,,https://montfortre.com/redesign-assets/og/upper-west-side.png,1,Upper West Side Townhouses Realtor,,,12,"Upper West Side Townhouses — Expert Realtor Guidance for Buyers, Sellers & Investors || Why Upper West Side Buyers and Sellers Choose Stanley Montfort || What Sets Our Upper West Side Townhouse Real Estate Services Apart || Our Upper West Side Townhouse Services || How Upper West Side Townhouses Are Valued || Upper West Side Townhouses by Area || Types of Upper West Side Townhouses || Upper West Side Townhouse Due Diligence || Upper West Side Areas We Serve || Frequently Asked Questions About Upper West Side Townhouses || Get Expert Upper West Side Townhouse Guidance || Recent News & Realtor Advice",25,"Upper West Side Townhouses — Expert Realtor Guidance for Buyers, Sellers & Investors || What Sets Our Upper West Side Townhouse Real Estate Services Apart || Our Upper West Side Townhouse Services || How Upper West Side Townhouses Are Valued || Upper West Side Townhouses by Area || Types of Upper West Side Townhouses || Upper West Side Townhouse Due Diligence || Frequently Asked Questions About Upper West Side Townhouses || Get Expert Upper West Side Townhouse Guidance",7140,8,4,Service|BreadcrumbList|FAQPage|Organization|RealEstateAgent|WebPage,1250,131.3,89,false,https://montfortre.com/upper-west-side-townhouses/,
/upper-west-side-condos,200,true,route,Upper West Side Condos | Montfort Real Estate,Upper West Side Condos | Montfort Real Estate,true,45,"Explore Upper West Side condos with Montfort Real Estate. Discover luxury condos, modern residences, and investment opportunities on Manhattan’s Upper West Side.","Explore Upper West Side condos with Montfort Real Estate. Discover luxury condos, modern residences, and investment opportunities on Manhattan's Upper West Side.",false,161,https://montfortre.com/upper-west-side-condos/,https://montfortre.com/upper-west-side-condos/,,https://montfortre.com/redesign-assets/og/upper-west-side.png,2,"Upper West Side Condos — Expert Guidance for Buyers, Sellers & Investors || Upper West Side Condos Realtor","Upper West Side Condos — Expert Guidance for Buyers, Sellers & Investors",true,8,Why Upper West Side Condo Buyers and Sellers Choose Stanley Montfort || Why Upper West Side Condo Transactions Require Specialized Expertise || Upper West Side Condo Realtor Services || How Upper West Side Condo Transactions Work || Upper West Side Condo Market Areas || Frequently Asked Questions About Upper West Side Condos || Get Started with Your Upper West Side Condo Transaction || Recent News & Realtor Advice,13,Why Upper West Side Condo Buyers and Sellers Choose Stanley Montfort || Why Upper West Side Condo Transactions Require Specialized Expertise || Upper West Side Condo Realtor Services || How Upper West Side Condo Transactions Work || Upper West Side Condo Market Areas || Frequently Asked Questions About Upper West Side Condos || Get Started with Your Upper West Side Condo Transaction,6863,8,4,Service|BreadcrumbList|FAQPage|Organization|RealEstateAgent|WebPage,855,126.6,87,false,https://montfortre.com/upper-west-side-condos/,
/upper-west-side-co-ops-2,200,true,route,Upper West Side co-ops | Montfort Real Estate,Upper West Side co-ops | Montfort Real Estate,true,45,"Explore Upper West Side co-ops with Montfort Real Estate. Discover luxury co-op apartments, historic residences, and investment opportunities on Manhattan’s Upper West Side.","Explore Upper West Side co-ops with Montfort Real Estate. Discover luxury co-op apartments, historic residences, and investment opportunities on Manhattan's Upper West Side.",false,173,https://montfortre.com/upper-west-side-co-ops-2/,https://montfortre.com/upper-west-side-co-ops-2/,,https://montfortre.com/redesign-assets/og/upper-west-side.png,2,"Upper West Side Co-Ops — Expert Realtor Guidance for Buyers, Sellers & Investors || Upper West Side Co-Ops Realtor","Upper West Side Co-Ops — Expert Guidance for Buyers, Sellers & Investors",false,9,Why Upper West Side Clients Trust Stanley Montfort || Why Choose Stanley Montfort as Your Upper West Side Co-Op Realtor || Upper West Side Co-Op Real Estate Services || How Working with an Upper West Side Co-Op Realtor Works || Upper West Side Co-Op Transaction Results || Upper West Side Areas We Serve || Frequently Asked Questions About Upper West Side Co-Ops || Get Expert Upper West Side Co-Op Guidance || Recent News & Realtor Advice,22,Why Upper West Side Clients Trust Stanley Montfort || Why Choose Stanley Montfort as Your Upper West Side Co-Op Realtor || Upper West Side Co-Op Real Estate Services || How Working with an Upper West Side Co-Op Realtor Works || Upper West Side Co-Op Transaction Results || Frequently Asked Questions About Upper West Side Co-Ops || Get Expert Upper West Side Co-Op Guidance,7485,8,4,Service|BreadcrumbList|FAQPage|Organization|RealEstateAgent|WebPage,1979,132.9,89,false,https://montfortre.com/upper-west-side-co-ops-2/,
/upper-east-side-townhouses,200,true,route,Upper East Side Townhouses | Montfort Real Estate,Upper East Side Townhouses | Montfort Real Estate,true,49,"Explore Upper East Side townhouses with Montfort Real Estate. Discover luxury townhomes, historic brownstones, and investment opportunities in one of Manhattan’s most prestigious neighborhoods.","Explore Upper East Side townhouses with Montfort Real Estate. Discover luxury townhomes, historic brownstones, and investment opportunities in one of Manhattan’s most prestigious neighborhoods.",true,193,https://montfortre.com/upper-east-side-townhouses/,https://montfortre.com/upper-east-side-townhouses/,,https://montfortre.com/redesign-assets/og/upper-east-side.png,2,"Upper East Side Townhouses — Expert Realtor Guidance for Buyers, Sellers & Investors || Upper East Side Townhouses Realtor","Upper East Side Townhouses — Expert Guidance for Buyers, Sellers & Investors",false,9,Why Upper East Side Townhouse Buyers and Sellers Trust Stanley Montfort || Why Choose Stanley Montfort for Your Upper East Side Townhouse Transaction || Upper East Side Townhouse Real Estate Services || How an Upper East Side Townhouse Realtor Evaluates Properties || Upper East Side Townhouse Market Expertise || Upper East Side Townhouse Areas Served || Frequently Asked Questions About Upper East Side Townhouse Transactions || Start Your Upper East Side Townhouse Transaction || Recent News & Realtor Advice,11,Why Upper East Side Townhouse Buyers and Sellers Trust Stanley Montfort || Why Choose Stanley Montfort for Your Upper East Side Townhouse Transaction || Upper East Side Townhouse Real Estate Services || How an Upper East Side Townhouse Realtor Evaluates Properties || Upper East Side Townhouse Market Expertise || Upper East Side Townhouse Areas Served || Frequently Asked Questions About Upper East Side Townhouse Transactions || Start Your Upper East Side Townhouse Transaction,7306,8,4,Service|BreadcrumbList|FAQPage|Organization|RealEstateAgent|WebPage,794,132.8,89,false,https://montfortre.com/upper-east-side-townhouses/,
/upper-east-side-condos,200,true,route,Upper East Side Condos | Montfort Real Estate,Upper East Side Condos | Montfort Real Estate,true,45,"Explore Upper East Side condos with Montfort Real Estate. Discover luxury condos, modern residences, and investment opportunities in one of Manhattan’s most prestigious neighborhoods.","Explore Upper East Side condos with Montfort Real Estate. Discover luxury condos, modern residences, and investment opportunities in one of Manhattan’s most prestigious neighborhoods.",true,183,https://montfortre.com/upper-east-side-condos/,https://montfortre.com/upper-east-side-condos/,,https://montfortre.com/redesign-assets/og/upper-east-side.png,2,"Upper East Side Condos — Expert Realtor Guidance for Buyers, Sellers & Investors || Upper East Side Condo Realtor","Upper East Side Condos — Expert Guidance for Buyers, Sellers & Investors",false,8,Why Upper East Side Buyers and Sellers Trust Stanley Montfort || Why Choose Stanley Montfort as Your Upper East Side Condo Realtor || Upper East Side Condo Real Estate Services || How Upper East Side Condo Transactions Work || Upper East Side Condo Market Areas We Serve || Frequently Asked Questions About Upper East Side Condos || Contact Stanley Montfort for Upper East Side Condo Expertise || Recent News & Realtor Advice,25,Why Choose Stanley Montfort as Your Upper East Side Condo Realtor || Upper East Side Condo Real Estate Services || How Upper East Side Condo Transactions Work || Upper East Side Condo Market Areas We Serve || Frequently Asked Questions About Upper East Side Condos || Contact Stanley Montfort for Upper East Side Condo Expertise,6849,8,4,Service|BreadcrumbList|FAQPage|Organization|RealEstateAgent|WebPage,925,126.3,87,false,https://montfortre.com/upper-east-side-condos/,
/upper-east-side-co-ops,200,true,route,Upper East Side Co-Ops | Montfort Real Estate,Upper East Side Co-Ops | Montfort Real Estate,true,45,"Explore Upper East Side co-ops with Montfort Real Estate. Discover luxury co-op apartments, historic residences, and investment opportunities in one of Manhattan’s most prestigious neighborhoods.","Explore Upper East Side co-ops with Montfort Real Estate. Discover luxury co-op apartments, historic residences, and investment opportunities in one of Manhattan’s most prestigious neighborhoods.",true,195,https://montfortre.com/upper-east-side-co-ops/,https://montfortre.com/upper-east-side-co-ops/,,https://montfortre.com/redesign-assets/og/upper-east-side.png,2,"Upper East Side Co-Ops — Expert Realtor Guidance for Buyers, Sellers & Investors || Upper East Side Co-Ops Realtor","Upper East Side Co-Ops — Expert Guidance for Buyers, Sellers & Investors",false,14,Why Upper East Side Buyers and Sellers Choose Stanley Montfort || What Sets Stanley Apart for Upper East Side Co-Op Transactions || Upper East Side Co-Op Real Estate Services || Buying a Co-Op on the Upper East Side || Selling an Upper East Side Co-Op || Upper East Side Co-Op Board Approval Process || Upper East Side Co-Ops by Location || Understanding Co-Op Building Financials || Buyer Financial Requirements for Upper East Side Co-Ops || Areas Stanley Serves || What Our Clients Say || Frequently Asked Questions About Upper East Side Co-Ops || Get Expert Guidance for Your Upper East Side Co-Op Transaction || Recent News & Realtor Advice,21,Why Upper East Side Buyers and Sellers Choose Stanley Montfort || What Sets Stanley Apart for Upper East Side Co-Op Transactions || Upper East Side Co-Op Real Estate Services || Buying a Co-Op on the Upper East Side || Selling an Upper East Side Co-Op || Upper East Side Co-Op Board Approval Process || Upper East Side Co-Ops by Location || Understanding Co-Op Building Financials || Buyer Financial Requirements for Upper East Side Co-Ops || Frequently Asked Questions About Upper East Side Co-Ops || Get Expert Guidance for Your Upper East Side Co-Op Transaction,8020,8,2,Service|BreadcrumbList|FAQPage|Organization|RealEstateAgent|WebPage,2319,139.7,88,false,https://montfortre.com/upper-east-side-co-ops/,
/chelsea-townhouses,200,true,route,Chelsea Townhouses | Montfort Real Estate,Chelsea Townhouses | Montfort Real Estate,true,41,"Explore Chelsea townhouses with Montfort Real Estate. Discover luxury townhomes, historic brownstones, and investment opportunities in one of Manhattan’s most vibrant neighborhoods.","Explore Chelsea townhouses with Montfort Real Estate. Discover luxury townhomes, historic brownstones, and investment opportunities in one of Manhattan’s most vibrant neighborhoods.",true,181,https://montfortre.com/chelsea-townhouses/,https://montfortre.com/chelsea-townhouses/,,https://montfortre.com/redesign-assets/og/chelsea.png,2,"Chelsea Townhouses — Expert Guidance for Buyers, Sellers & Investors || Chelsea Townhouses Realtor - Expert Representation for Buyers & Sellers","Chelsea Townhouses — Expert Guidance for Buyers, Sellers & Investors",true,9,Why Chelsea Townhouse Buyers and Sellers Trust Stanley Montfort || Why Choose a Specialized Chelsea Townhouse Realtor || Chelsea Townhouse Real Estate Services || Chelsea Townhouse Due Diligence Process || Chelsea Townhouse Market by Location || Single-Family vs. Multifamily Chelsea Townhouses || Frequently Asked Questions About Chelsea Townhouses || Get Expert Chelsea Townhouse Representation || Recent News & Realtor Advice,11,Why Chelsea Townhouse Buyers and Sellers Trust Stanley Montfort || Why Choose a Specialized Chelsea Townhouse Realtor || Chelsea Townhouse Real Estate Services || Chelsea Townhouse Due Diligence Process || Chelsea Townhouse Market by Location || Single-Family vs. Multifamily Chelsea Townhouses || Frequently Asked Questions About Chelsea Townhouses || Get Expert Chelsea Townhouse Representation,7331,8,4,Service|BreadcrumbList|FAQPage|Organization|RealEstateAgent|WebPage,3716,131.5,89,false,https://montfortre.com/chelsea-townhouses/,
/chelsea-condos,200,true,route,Chelsea Condos | Montfort Real Estate,Chelsea Condos | Montfort Real Estate,true,37,"Explore Chelsea condos with Montfort Real Estate. Discover luxury condos, modern residences, and investment opportunities in one of Manhattan’s most vibrant neighborhoods.","Explore Chelsea condos with Montfort Real Estate. Discover luxury condo apartments, modern residences, and investment opportunities in one of Manhattan’s most vibrant neighborhoods.",false,171,https://montfortre.com/chelsea-condos/,https://montfortre.com/chelsea-condos/,,https://montfortre.com/redesign-assets/og/chelsea.png,2,"Chelsea Condos — Expert Realtor Guidance for Buyers, Sellers & Investors || Chelsea Condos Realtor - Expert Buyer & Seller Representation","Chelsea Condos — Expert Realtor Guidance for Buyers, Sellers & Investors",true,9,Why Chelsea Owners and Buyers Choose Stanley Montfort || What Sets Stanley Apart as Your Chelsea Condo Realtor || Chelsea Condo Real Estate Services || How Stanley Evaluates Chelsea Condos || Stanley's Chelsea Condo Market Expertise || Chelsea Condo Market Areas Stanley Serves || Frequently Asked Questions About Chelsea Condos || Start Your Chelsea Condo Search or Sale Today || Recent News & Realtor Advice,11,Why Chelsea Owners and Buyers Choose Stanley Montfort || What Sets Stanley Apart as Your Chelsea Condo Realtor || Chelsea Condo Real Estate Services || How Stanley Evaluates Chelsea Condos || Stanley's Chelsea Condo Market Expertise || Chelsea Condo Market Areas Stanley Serves || Frequently Asked Questions About Chelsea Condos || Start Your Chelsea Condo Search or Sale Today,7449,8,4,Service|BreadcrumbList|FAQPage|Organization|RealEstateAgent|WebPage,2362,132.5,89,false,https://montfortre.com/chelsea-condos/,
/chelsea-co-ops-2,200,true,route,Chelsea Co-Ops | Montfort Real Estate,Chelsea Co-Ops | Montfort Real Estate,true,37,"Explore Chelsea co-ops with Montfort Real Estate. Discover luxury co-op apartments, historic residences, and investment opportunities in one of Manhattan’s most vibrant neighborhoods.","Explore Chelsea co-ops with Montfort Real Estate. Discover luxury co-op apartments, historic residences, and investment opportunities in one of Manhattan’s most vibrant neighborhoods.",true,183,https://montfortre.com/chelsea-co-ops-2/,https://montfortre.com/chelsea-co-ops-2/,,https://montfortre.com/redesign-assets/og/chelsea.png,2,"Chelsea Co-Ops — Expert Realtor Guidance for Buyers, Sellers & Investors || Chelsea Co-Ops Realtor: Expert Representation for Cooperative Apartments in Manhattan","Chelsea Co-Ops — Expert Guidance for Buyers, Sellers & Investors",false,10,Why Chelsea Buyers and Sellers Choose Stanley Montfort || Why Stanley Montfort Stands Out as Your Chelsea Co-Op Realtor || Chelsea Co-Op Real Estate Services || Understanding Chelsea's Co-Op Market || Chelsea Co-Op Buying Process || Chelsea Co-Op Selling Strategy || Chelsea Areas Served || Frequently Asked Questions About Chelsea Co-Ops || Start Your Chelsea Co-Op Search || Recent News & Realtor Advice,20,Why Chelsea Buyers and Sellers Choose Stanley Montfort || Why Stanley Montfort Stands Out as Your Chelsea Co-Op Realtor || Chelsea Co-Op Real Estate Services || Understanding Chelsea's Co-Op Market || Chelsea Co-Op Selling Strategy || Chelsea Areas Served || Frequently Asked Questions About Chelsea Co-Ops || Start Your Chelsea Co-Op Search,7011,8,4,Service|BreadcrumbList|FAQPage|Organization|RealEstateAgent|WebPage,2278,128.6,88,false,https://montfortre.com/chelsea-co-ops-2/,
/downtown-brooklyn-condos-2,200,true,route,Downtown Brooklyn Condos | Montfort Real Estate,Downtown Brooklyn Condos | Montfort Real Estate,true,47,"Explore Downtown Brooklyn condos with Montfort Real Estate. Discover luxury condos, modern residences, and investment opportunities in one of Brooklyn’s fastest-growing neighborhoods.","Explore Downtown Brooklyn condos with Montfort Real Estate. Discover luxury condos, modern residences, and investment opportunities in one of Brooklyn’s fastest-growing neighborhoods.",true,183,https://montfortre.com/downtown-brooklyn-condos-2/,https://montfortre.com/downtown-brooklyn-condos-2/,,https://montfortre.com/redesign-assets/og/downtown-brooklyn.png,2,"Downtown Brooklyn Condos — Expert Realtor Guidance for Condo Buyers, Sellers & Investors || Downtown Brooklyn Condos Realtor","Downtown Brooklyn Condos — Expert Guidance for Condo Buyers, Sellers & Investors",false,10,Why Downtown Brooklyn Trusts Stanley Mont || fort || Why Downtown Brooklyn Chooses Stanley Montfort for Condo Real Estate || Our Downtown Brooklyn Condo Services || How Downtown Brooklyn Condo Transactions Work || Downtown Brooklyn Condo Market Expertise || Downtown Brooklyn Areas We Serve || Frequently Asked Questions About Downtown Brooklyn Condos || Get Expert Downtown Brooklyn Condo Representation || Recent News & Realtor Advice,30,Why Downtown Brooklyn Chooses Stanley Montfort for Condo Real Estate || Our Downtown Brooklyn Condo Services || How Downtown Brooklyn Condo Transactions Work || Downtown Brooklyn Condo Market Expertise || Downtown Brooklyn Areas We Serve || Frequently Asked Questions About Downtown Brooklyn Condos || Get Expert Downtown Brooklyn Condo Representation,7110,8,4,Service|BreadcrumbList|FAQPage|Organization|RealEstateAgent|WebPage,3812,130.4,88,false,https://montfortre.com/downtown-brooklyn-condos-2/,
/downstone-brooklyn-co-ops,200,true,route,Downstone Brooklyn Co-Ops | Montfort Real Estate,Downstone Brooklyn Co-Ops | Montfort Real Estate,true,48,"Explore Downtown Brooklyn co-ops with Montfort Real Estate. Discover co-op apartments, modern residences, and investment opportunities in one of Brooklyn’s fastest-growing neighborhoods.","Explore Downtown Brooklyn co-ops with Montfort Real Estate. Discover co-op apartments, modern residences, and investment opportunities in one of Brooklyn’s fastest-growing neighborhoods.",true,186,https://montfortre.com/downstone-brooklyn-co-ops/,https://montfortre.com/downstone-brooklyn-co-ops/,,https://montfortre.com/redesign-assets/og/downtown-brooklyn.png,1,Downtown Brooklyn Co-ops Realtor,Downtown Brooklyn co-ops,false,10,"Downtown Brooklyn Co-ops— Expert Realtor Guidance for Co-ops Buyers, Sellers & Investors || Why Downtown Brooklyn Trusts Stanley Montfort || Why Downtown Brooklyn Buyers and Sellers Choose Stanley Montfort for Co-ops || Our Downtown Brooklyn Co-ops Services || How Downtown Brooklyn Condos Are Valued || Resale Condos vs New Development in Downtown Brooklyn || Downtown Brooklyn Areas We Serve || Frequently Asked Questions About Downtown Brooklyn Co-ops || Get Expert Downtown Brooklyn Co-ops Guidance || Recent News & Realtor Advice",20,"Downtown Brooklyn Co-ops— Expert Realtor Guidance for Co-ops Buyers, Sellers & Investors || Why Downtown Brooklyn Buyers and Sellers Choose Stanley Montfort for Co-ops || Our Downtown Brooklyn Co-ops Services || How Downtown Brooklyn Condos Are Valued || Resale Condos vs New Development in Downtown Brooklyn || Downtown Brooklyn Areas We Serve || Frequently Asked Questions About Downtown Brooklyn Co-ops || Get Expert Downtown Brooklyn Co-ops Guidance",6630,8,4,Service|BreadcrumbList|FAQPage|Organization|RealEstateAgent|WebPage,3689,125.6,89,false,https://montfortre.com/downstone-brooklyn-co-ops/,
/dumbo-condos,200,true,route,Dumbo Condos | Montfort Real Estate,Dumbo Condos | Montfort Real Estate,true,35,"Explore DUMBO condos with Montfort Real Estate. Discover luxury waterfront condos, modern lofts, and investment opportunities in one of Brooklyn’s most iconic neighborhoods.","Explore DUMBO condos with Montfort Real Estate. Discover luxury waterfront condos, modern lofts, and investment opportunities in one of Brooklyn’s most iconic neighborhoods.",true,173,https://montfortre.com/dumbo-condos/,https://montfortre.com/dumbo-condos/,,https://montfortre.com/redesign-assets/og/dumbo.png,2,"Dumbo Condos — Local Market Realtor Expertise for Buyers, Sellers & Investors || DUMBO Condos Realtor","Dumbo Condos — Local Market Expertise for Buyers, Sellers & Investors",false,10,Expert DUMBO Condo Representation for Buyers and Sellers || Why DUMBO Condo Buyers and Sellers Trust Stanley Montfort || Why DUMBO Chooses Stanley Montfort for Condo Real Estate || DUMBO Condo Real Estate Services || How DUMBO Condos Are Valued || DUMBO Condo Market Insights || DUMBO Buildings and Areas We Cover || Frequently Asked Questions About DUMBO Condos || Get Expert DUMBO Condo Representation || Recent News & Realtor Advice,10,Expert DUMBO Condo Representation for Buyers and Sellers || Why DUMBO Condo Buyers and Sellers Trust Stanley Montfort || Why DUMBO Chooses Stanley Montfort for Condo Real Estate || DUMBO Condo Real Estate Services || How DUMBO Condos Are Valued || DUMBO Condo Market Insights || DUMBO Buildings and Areas We Cover || Frequently Asked Questions About DUMBO Condos || Get Expert DUMBO Condo Representation,6996,8,4,Service|BreadcrumbList|FAQPage|Organization|RealEstateAgent|WebPage,3923,129.1,89,false,https://montfortre.com/dumbo-condos/,
/dumbo-co-ops-2,200,true,route,Dumbo Co-Ops | Montfort Real Estate,Dumbo Co-Ops | Montfort Real Estate,true,35,"Explore DUMBO co-ops with Montfort Real Estate. Discover co-op apartments, loft-style residences, and investment opportunities in one of Brooklyn’s most iconic waterfront neighborhoods.","Explore DUMBO co-ops with Montfort Real Estate. Discover co-op apartments, loft-style residences, and investment opportunities in one of Brooklyn’s most iconic waterfront neighborhoods.",true,185,https://montfortre.com/dumbo-co-ops-2/,https://montfortre.com/dumbo-co-ops-2/,,https://montfortre.com/redesign-assets/og/dumbo.png,2,"Dumbo Co-Ops — Expert Guidance for Buyers, Sellers & Investors || DUMBO Co-Ops Realtor","Dumbo Co-Ops — Expert Guidance for Buyers, Sellers & Investors",true,12,DUMBO Co-Op Real Estate Expertise You Can Trust || What Sets Stanley Apart as Your DUMBO Co-Op Realtor || DUMBO Co-Op Real Estate Services || How DUMBO Co-Ops Are Valued || DUMBO Co-Op Board Approval Process || Loft-Style and Converted Co-Ops in DUMBO || DUMBO Co-Op Building Analysis || Comparing DUMBO Co-Ops With Condo Alternatives || DUMBO Locations We Serve || Frequently Asked Questions About DUMBO Co-Ops || Schedule Your DUMBO Co-Op Consultation || Recent News & Realtor Advice,8,DUMBO Co-Op Real Estate Expertise You Can Trust || What Sets Stanley Apart as Your DUMBO Co-Op Realtor || DUMBO Co-Op Real Estate Services || How DUMBO Co-Ops Are Valued || DUMBO Co-Op Board Approval Process || Loft-Style and Converted Co-Ops in DUMBO || DUMBO Co-Op Building Analysis || Comparing DUMBO Co-Ops With Condo Alternatives || DUMBO Locations We Serve || Frequently Asked Questions About DUMBO Co-Ops || Schedule Your DUMBO Co-Op Consultation,7029,8,4,Service|BreadcrumbList|FAQPage|Organization|RealEstateAgent|WebPage,3438,130.6,88,false,https://montfortre.com/dumbo-co-ops-2/,
/brooklyn-heights-townhouses-2,200,true,route,Brooklyn Heights Townhouses | Montfort Real Estate,Brooklyn Heights Townhouses | Montfort Real Estate,true,50,"Explore Brooklyn Heights townhouses with Montfort Real Estate. Discover historic brownstones, luxury townhomes, and investment opportunities in one of Brooklyn’s most prestigious neighborhoods.","Explore Brooklyn Heights townhouses with Montfort Real Estate. Discover historic brownstones, luxury townhomes, and investment opportunities in one of Brooklyn’s most prestigious neighborhoods.",true,193,https://montfortre.com/brooklyn-heights-townhouses-2/,https://montfortre.com/brooklyn-heights-townhouses-2/,,https://montfortre.com/redesign-assets/og/brooklyn-heights.png,2,"Brooklyn Heights Townhouses Realtor — Expert Guidance for Buyers, Sellers & Investors || Brooklyn Heights Townhouses Realtor","Brooklyn Heights Townhouses — Expert Guidance for Buyers, Sellers & Investors",false,12,Why Brooklyn Heights Townhouse Buyers and Sellers Choose Stanley Montfort || Brooklyn Heights Townhouse Real Estate Expertise || Our Brooklyn Heights Townhouse Services || How Brooklyn Heights Townhouses Are Valued || Buying a Townhouse in Brooklyn Heights || Selling Your Brooklyn Heights Townhouse || Brooklyn Heights Townhouse Locations and Characteristics || Single-Family vs Multifamily Townhouse Configurations || Brooklyn Heights Townhouse Market Areas || Frequently Asked Questions About Brooklyn Heights Townhouses || Contact Stanley Montfort for Brooklyn Heights Townhouse Expertise || Recent News & Realtor Advice,8,Why Brooklyn Heights Townhouse Buyers and Sellers Choose Stanley Montfort || Brooklyn Heights Townhouse Real Estate Expertise || Our Brooklyn Heights Townhouse Services || How Brooklyn Heights Townhouses Are Valued || Buying a Townhouse in Brooklyn Heights || Selling Your Brooklyn Heights Townhouse || Brooklyn Heights Townhouse Locations and Characteristics || Single-Family vs Multifamily Townhouse Configurations || Brooklyn Heights Townhouse Market Areas || Frequently Asked Questions About Brooklyn Heights Townhouses || Contact Stanley Montfort for Brooklyn Heights Townhouse Expertise,7272,8,3,Service|BreadcrumbList|FAQPage|Organization|RealEstateAgent|WebPage,3864,133.3,89,false,https://montfortre.com/brooklyn-heights-townhouses-2/,
/brooklyn-heights-condos-3,200,true,route,Brooklyn Heights Condos | Montfort Real Estate,Brooklyn Heights Condos | Montfort Real Estate,true,46,"Explore Brooklyn Heights condos with Montfort Real Estate. Discover luxury waterfront condos, modern residences, and investment opportunities in one of Brooklyn’s most prestigious neighborhoods.","Explore Brooklyn Heights condos with Montfort Real Estate. Discover luxury waterfront condos, modern residences, and investment opportunities in one of Brooklyn’s most prestigious neighborhoods.",true,194,https://montfortre.com/brooklyn-heights-condos-3/,https://montfortre.com/brooklyn-heights-condos-3/,,https://montfortre.com/redesign-assets/og/brooklyn-heights.png,2,"Brooklyn Heights Condos Realtor — Expert Guidance for Buyers, Sellers & Investors || Brooklyn Heights Condos Realtor","Brooklyn Heights Condos — Expert Guidance for Buyers, Sellers & Investors",false,10,Why Brooklyn Heights Condo Buyers and Sellers Choose Stanley Montfort || Comprehensive Brooklyn Heights Condo Real Estate Services || Our Brooklyn Heights Condo Services || How Brooklyn Heights Condos Are Valued || Brooklyn Heights Condo Building Types and Locations || Brooklyn Heights Condo Market Results || Brooklyn Heights Areas We Serve || Frequently Asked Questions About Brooklyn Heights Condos || Contact Your Brooklyn Heights Condos Realtor || Recent News & Realtor Advice,10,Why Brooklyn Heights Condo Buyers and Sellers Choose Stanley Montfort || Comprehensive Brooklyn Heights Condo Real Estate Services || Our Brooklyn Heights Condo Services || How Brooklyn Heights Condos Are Valued || Brooklyn Heights Condo Building Types and Locations || Brooklyn Heights Condo Market Results || Brooklyn Heights Areas We Serve || Frequently Asked Questions About Brooklyn Heights Condos || Contact Your Brooklyn Heights Condos Realtor,7285,8,4,Service|BreadcrumbList|FAQPage|Organization|RealEstateAgent|WebPage,2198,136,89,false,https://montfortre.com/brooklyn-heights-condos-3/,
/brooklyn-heights-co-ops-3,200,true,route,Brooklyn Heights Co-Ops | Montfort Real Estate,Brooklyn Heights Co-Ops | Montfort Real Estate,true,46,"Explore Brooklyn Heights co-ops with Montfort Real Estate. Discover historic co-op apartments, luxury residences, and investment opportunities in one of Brooklyn’s most prestigious neighborhoods.","Explore Brooklyn Heights co-ops with Montfort Real Estate. Discover historic co-op apartments, luxury residences, and investment opportunities in one of Brooklyn’s most prestigious neighborhoods.",true,195,https://montfortre.com/brooklyn-heights-co-ops-3/,https://montfortre.com/brooklyn-heights-co-ops-3/,,https://montfortre.com/redesign-assets/og/brooklyn-heights.png,2,"Brooklyn Heights Co-Ops — Expert Realtor Guidance for Buyers, Sellers & Investors || Brooklyn Heights Co-Ops Realtor","Brooklyn Heights Co-Ops — Expert Guidance for Buyers, Sellers & Investors",false,8,Why Brooklyn Heights Co-Op Buyers and Sellers Choose Stanley Montfort || Specialized Brooklyn Heights Co-Op Real Estate Services || How Brooklyn Heights Co-Op Transactions Work || Brooklyn Heights Co-Op Market Expertise || Brooklyn Heights Areas and Buildings We Serve || Frequently Asked Questions About Brooklyn Heights Co-Ops || Get Expert Brooklyn Heights Co-Op Guidance || Recent News & Realtor Advice,13,Why Brooklyn Heights Co-Op Buyers and Sellers Choose Stanley Montfort || Specialized Brooklyn Heights Co-Op Real Estate Services || How Brooklyn Heights Co-Op Transactions Work || Brooklyn Heights Co-Op Market Expertise || Brooklyn Heights Areas and Buildings We Serve || Frequently Asked Questions About Brooklyn Heights Co-Ops || Get Expert Brooklyn Heights Co-Op Guidance,7253,8,4,Service|BreadcrumbList|FAQPage|Organization|RealEstateAgent|WebPage,2225,133.7,88,false,https://montfortre.com/brooklyn-heights-co-ops-3/,
/bedford-stuyvesant-brownstones-2,200,true,route,Bedford stuyvesant Brownstones | Montfort Real Estate,Bedford stuyvesant Brownstones | Montfort Real Estate,true,53,"Explore Bedford-Stuyvesant brownstones with Montfort Real Estate. Discover historic Brooklyn brownstones, luxury townhomes, and investment opportunities in Bed-Stuy NYC","Explore Bedford-Stuyvesant brownstones with Montfort Real Estate. Discover historic Brooklyn brownstones, luxury townhomes, and investment opportunities in Bed-Stuy NYC",true,168,https://montfortre.com/bedford-stuyvesant-brownstones-2/,https://montfortre.com/bedford-stuyvesant-brownstones-2/,,https://montfortre.com/redesign-assets/og/bedford-stuyvesant.png,2,"Bedford-Stuyvesant Brownstones — Expert Guidance for Historic Home Buyers, Sellers & Investors || Bedford-Stuyvesant Brownstones Realtor","Bedford-Stuyvesant Brownstones — Expert Guidance for Historic Home Buyers, Sellers & Investors",true,10,Why Bedford-Stuyvesant Trusts Stanley Montfort || Why Bedford-Stuyvesant Property Owners Choose Stanley Montfort for Brownstone Real Estate || Bedford-Stuyvesant Brownstone Real Estate Services || How Bedford-Stuyvesant Brownstones Are Evaluated || Bedford-Stuyvesant Brownstone Market Results || What Bedford-Stuyvesant Brownstone Clients Say || Bed-Stuy Areas We Serve || Frequently Asked Questions About Bed-Stuy Brownstones || Get Expert Bedford-Stuyvesant Brownstone Representation || Recent News & Realtor Advice,10,Why Bedford-Stuyvesant Trusts Stanley Montfort || Why Bedford-Stuyvesant Property Owners Choose Stanley Montfort for Brownstone Real Estate || Bedford-Stuyvesant Brownstone Real Estate Services || How Bedford-Stuyvesant Brownstones Are Evaluated || Bedford-Stuyvesant Brownstone Market Results || What Bedford-Stuyvesant Brownstone Clients Say || Bed-Stuy Areas We Serve || Frequently Asked Questions About Bed-Stuy Brownstones || Get Expert Bedford-Stuyvesant Brownstone Representation,7155,8,2,Service|BreadcrumbList|FAQPage|Review|Organization|RealEstateAgent|WebPage,2578,136.1,88,false,https://montfortre.com/bedford-stuyvesant-brownstones-2/,
/bedford-stuyvesant-condos-2,200,true,route,Bedford stuyvesant Condos | Montfort Real Estate,Bedford stuyvesant Condos | Montfort Real Estate,true,48,"Explore Bedford-Stuyvesant condos with Montfort Real Estate. Discover luxury condos, modern residences, and investment opportunities in the heart of Bed-Stuy Brooklyn.","Explore Bedford-Stuyvesant condos with Montfort Real Estate. Discover luxury condos, modern residences, and investment opportunities in the heart of Bed-Stuy Brooklyn.",true,167,https://montfortre.com/bedford-stuyvesant-condos-2/,https://montfortre.com/bedford-stuyvesant-condos-2/,,https://montfortre.com/redesign-assets/og/bedford-stuyvesant.png,2,"Bedford-Stuyvesant Condos Realtor — Local Market Expertise for Buyers, Sellers & Investors || Bedford-Stuyvesant Condos Realtor","Bedford-Stuyvesant Condos — Local Market Expertise for Buyers, Sellers & Investors",false,11,Bedford-Stuyvesant Condo Real Estate Market || Why Bedford-Stuyvesant Condo Clients Choose Stanley Montfort || Working With a Bed-Stuy Condo Realtor || Buying a Condo in Bedford-Stuyvesant || Selling a Bed-Stuy Condo || How Bed-Stuy Condos Are Valued || Bedford-Stuyvesant Condo Building Analysis || Bedford-Stuyvesant Neighborhoods We Serve || Frequently Asked Questions About Bed-Stuy Condos || Contact Your Bedford-Stuyvesant Condo Realtor || Recent News & Realtor Advice,9,Bedford-Stuyvesant Condo Real Estate Market || Why Bedford-Stuyvesant Condo Clients Choose Stanley Montfort || Working With a Bed-Stuy Condo Realtor || Buying a Condo in Bedford-Stuyvesant || Selling a Bed-Stuy Condo || How Bed-Stuy Condos Are Valued || Bedford-Stuyvesant Condo Building Analysis || Bedford-Stuyvesant Neighborhoods We Serve || Frequently Asked Questions About Bed-Stuy Condos || Contact Your Bedford-Stuyvesant Condo Realtor,7519,8,4,Service|BreadcrumbList|FAQPage|Organization|RealEstateAgent|WebPage,2539,133.5,88,false,https://montfortre.com/bedford-stuyvesant-condos-2/,
/about-us,200,true,route,About Us | Montfort Real Estate,About Us | Montfort Real Estate,true,31,"Learn about Montfort Real Estate and Stanley Montfort, delivering expert guidance, local market knowledge, and personalized real estate services across NYC.",,false,156,https://montfortre.com/about-us/,https://montfortre.com/about-us/,,https://montfortre.com/og-home.jpg,1,Meet Stanley Montfort — Trusted NYC Real Estate Advisor with Over 20 Years of Experience,"Meet Stanley Montfort, trusted NYC real estate advisor with 20+ years of experience",false,4,Expert Guidance for Every NYC Real Estate Decision || How Stanley Montfort Company Got Started || PROUDLY SERVING NYC'S MOST DESIRABLE NEIGHBORHOODS || Recent News & Realtor Advice,75,How Stanley Montfort Company Got Started,5021,6,1,AboutPage|RealEstateAgent|BreadcrumbList|Organization|WebPage,1204,110,85,false,https://montfortre.com/about-us/,
/26-west-95th-street,200,false,,26 West 95th Street | Montfort Real Estate,,,42,"Explore 26 West 95th Street, a historic Upper West Side townhouse near Central Park. Discover property details, features, and insights from Montfort Real Estate.",,,161,https://montfortre.com/26-west-95th-street/,,https://assets.agentfire3.com/uploads/sites/312/2026/04/26-West-95th-Street-1024x680.fit.png,,1,26 West 95th Street,,,2,About this property || Want to take a tour of this property?,,,4093,33,1,Organization|BreadcrumbList|RealEstateAgent|Product,1633,123.5,83,false,https://montfortre.com/26-west-95th-street/,
/475-west-144th-street,200,false,,475 West 144th Street | Montfort Real Estate,,,44,"Explore 475 West 144th Street, a historic Hamilton Heights townhouse in Manhattan. Discover property details, features, and insights from Montfort Real Estate.",,,159,https://montfortre.com/475-west-144th-street/,,https://assets.agentfire3.com/uploads/sites/312/2026/04/475-West-144th-Street-1024x679.fit.png,,1,475 West 144th Street,,,2,About this property || Want to take a tour of this property?,,,3945,29,1,Organization|BreadcrumbList|RealEstateAgent|Product,1389,120,83,false,https://montfortre.com/475-west-144th-street/,
/neighborhoods,200,true,route,Neighborhoods | Montfort Real Estate,Neighborhoods | Montfort Real Estate,true,36,"Explore NYC neighborhoods across Manhattan and Brooklyn. Compare lifestyle, pricing, architecture, and real estate opportunities with Montfort Real Estate.","Explore NYC neighborhoods across Manhattan and Brooklyn. Compare lifestyle, pricing, architecture, and real estate opportunities with Montfort Real Estate.",true,155,https://montfortre.com/neighborhoods/,https://montfortre.com/neighborhoods/,,https://montfortre.com/og-home.jpg,1,"NYC Neighborhoods — Expert Local Insights for Buyers, Sellers & Investors","NYC Neighborhoods — Expert Local Insights for Buyers, Sellers & Investors",true,42,Explore NYC Neighborhoods with Confidence || Harlem Brownstones Realtor || Harlem Condos Realtor || Harlem Co-Ops Realtor || Harlem SROs Realtor || Harlem Co-Ownership Realtor || Upper West Side Townhouses Realtor || Upper West Side Condos Realtor || Upper West Side Co-Ops Realtor || Upper East Side Townhouses Realtor || Upper East Side Condos Realtor || Upper East Side Co-Ops Realtor || Chelsea Townhouses Realtor || Chelsea Condos Realtor || Chelsea Co-Ops Realtor || Downtown Brooklyn Condos Realtor || Downtown Brooklyn Co-Ops Realtor || Dumbo Condos Realtor || Dumbo Co-Ops Realtor || Brooklyn Heights Townhouses Realtor || Brooklyn Heights Condos Realtor || Brooklyn Heights Co-Ops Realtor || Bedford stuyvesant Brownstones Realtor || Bedford stuyvesant Condos Realtor || Bedford stuyvesant Co-Ops Realtor || Bedford stuyvesant SROs Realtor || Bedford stuyvesant Co-Ownership Realtor || Williamsburg Brownstones Realtor || Williamsburg Condos Realtor || Williamsburg Co-Ops Realtor || Williamsburg Co-Ownership Realtor || Crown Heights Brownstones Realtor || Crown Heights Condos Realtor || Crown Heights Co-Ops Realtor || Crown Heights SROs Realtor || Crown Heights Co-Ownership Realtor || Park Slope Brownstones Realtor || Park Slope Condos Realtor || Park Slope Co-Ops Realtor || Park Slope Co-Ownership Realtor || Park Slope SRO Realtor || Recent News & Realtor Advice,100,,10855,45,1,Organization|BreadcrumbList|RealEstateAgent|WebPage,1483,207.7,175,false,https://montfortre.com/neighborhoods/,
/crown-heights-co-ops-2,200,true,route,Crown Heights Co-Ops | Montfort Real Estate,Crown Heights Co-Ops | Montfort Real Estate,true,43,"Explore Crown Heights co-ops with Montfort Real Estate. Discover co-op apartments, historic residences, and investment opportunities in the heart of Crown Heights Brooklyn","Explore Crown Heights co-ops with Montfort Real Estate. Discover co-op apartments, historic residences, and investment opportunities in the heart of Crown Heights Brooklyn",true,171,https://montfortre.com/crown-heights-co-ops-2/,https://montfortre.com/crown-heights-co-ops-2/,,https://montfortre.com/redesign-assets/og/crown-heights.png,2,"Crown Heights Co-Ops — Expert Guidance for Buyers, Sellers & Investors || Complete Guide to Buying Crown Heights Co-ops: Expert Buyer's Agent Insights","Crown Heights Co-Ops — Expert Guidance for Buyers, Sellers & Investors",true,9,Expert Crown Heights Co-op Buying Services || Why Crown Heights Co-ops Are Ideal for NYC Buyers || Crown Heights Co-op Buyer Types We Serve || Top 10 Things Every Crown Heights Co-op Buyer Must Know || Crown Heights Co-op Buying Process || Crown Heights Co-op Success Stories || Frequently Asked Questions || Start Your Crown Heights Co-op Purchase || Recent News & Realtor Advice,100,,7169,8,1,Service|BreadcrumbList|FAQPage|Review|Organization|RealEstateAgent|WebPage,808,134.4,89,false,https://montfortre.com/crown-heights-co-ops-2/,
/how-are-high-interest-rates-affecting-the-value-of-your-brownstone,200,true,blog,How are High Interest Rates Affecting the Value of Your Brownstone? | Montfort Real Estate,How are High Interest Rates Affecting the Value of Your Brownstone? | Montfort Real Estate,true,90,Click here to learn how high interest rates will impact your brownstone purchase.,Click here to learn how high interest rates will impact your brownstone purchase. ,true,81,https://montfortre.com/how-are-high-interest-rates-affecting-the-value-of-your-brownstone/,https://montfortre.com/how-are-high-interest-rates-affecting-the-value-of-your-brownstone/,https://assets.agentfire3.com/uploads/sites/312/2022/11/Montfort-Real-Estate-Stanley-Montfort-NewYork-Real-Estate-Agent-Brownstones1.jpg,https://montfortre.com/redesign-assets/blog/how-are-high-interest-rates-affecting-the-value-of-your-brownstone/featured-Montfort-Real-Estate-Stanley-Montfort-NewYork-Real-Estate-Agent-Brownstones1.jpg,1,How are High Interest Rates Affecting the Value of Your Brownstone?,,,0,,,,4418,16,10,Organization|BreadcrumbList|RealEstateAgent,1265,105.3,94,false,https://montfortre.com/how-are-high-interest-rates-affecting-the-value-of-your-brownstone/,
/making-your-brownstone-energy-efficient,200,true,blog,Making Your Brownstone Energy Efficient | Montfort Real Estate,Making Your Brownstone Energy Efficient | Montfort Real Estate,true,62,One way that is becoming popular to increase energy efficiency and increase the air quality in your home is to adopt the principles of Passive Housing.,One way that is becoming popular to increase energy efficiency and increase the air quality in your home is to adopt the principles of Passive Housing.,true,151,https://montfortre.com/making-your-brownstone-energy-efficient/,https://montfortre.com/making-your-brownstone-energy-efficient/,https://assets.agentfire3.com/uploads/sites/312/2022/08/New-York-NYC-Brownstone-3.png,https://montfortre.com/redesign-assets/blog/making-your-brownstone-energy-efficient/featured-New-York-NYC-Brownstone-3.png,1,Making Your Brownstone Energy Efficient,,,0,,,,4305,15,9,Organization|BreadcrumbList|RealEstateAgent,2153,101.9,91,false,https://montfortre.com/making-your-brownstone-energy-efficient/,
/why-brownstone-co-ownership-makes-sense-in-a-rising-interest-rate-environment,200,true,blog,Why Brownstone Co-Ownership Makes Sense in a Rising Interest Rate Environment | Montfort Real Estate,Why Brownstone Co-Ownership Makes Sense in a Rising Interest Rate Environment | Montfort Real Estate,true,100,Click here to learn how to buy a brownstone through co-ownership.,Click here to learn how to buy a brownstone through co-ownership.,true,65,https://montfortre.com/why-brownstone-co-ownership-makes-sense-in-a-rising-interest-rate-environment/,https://montfortre.com/why-brownstone-co-ownership-makes-sense-in-a-rising-interest-rate-environment/,https://assets.agentfire3.com/uploads/sites/312/2022/07/Why-Co-Ownership-Makes-Sense-in-a-Rising-Interest-Rate-Environment.png,https://montfortre.com/redesign-assets/blog/why-brownstone-co-ownership-makes-sense-in-a-rising-interest-rate-environment/featured-Why-Co-Ownership-Makes-Sense-in-a-Rising-Interest-Rate-Environment.png,1,Why Brownstone Co-Ownership Makes Sense in a Rising Interest Rate Environment,,,0,,,,4346,15,9,Organization|BreadcrumbList|RealEstateAgent,1021,103.7,91,false,https://montfortre.com/why-brownstone-co-ownership-makes-sense-in-a-rising-interest-rate-environment/,
/owner-financing-for-your-brownstone,200,true,blog,Owner Financing for your Brownstone | Montfort Real Estate,Owner Financing for your Brownstone | Montfort Real Estate,true,58,Click here to learn how to purchase a brownstone in a high interest rate environment.,Click here to learn how to purchase a brownstone in a high interest rate environment.,true,85,https://montfortre.com/owner-financing-for-your-brownstone/,https://montfortre.com/owner-financing-for-your-brownstone/,https://assets.agentfire3.com/uploads/sites/312/2022/07/Owner-Financing-for-your-Brownstone.png,https://montfortre.com/redesign-assets/blog/owner-financing-for-your-brownstone/featured-Owner-Financing-for-your-Brownstone.png,1,Owner Financing for your Brownstone,,,0,,,,4347,15,9,Organization|BreadcrumbList|RealEstateAgent,974,103.1,91,false,https://montfortre.com/owner-financing-for-your-brownstone/,
/inflation-and-multi-unit-brownstone-investments,200,true,blog,Inflation and Multi Unit Brownstone Investments | Montfort Real Estate,Inflation and Multi Unit Brownstone Investments | Montfort Real Estate,true,70,Click here to learn how to invest in brownstones.,Click here to learn how to invest in brownstones.,true,49,https://montfortre.com/inflation-and-multi-unit-brownstone-investments/,https://montfortre.com/inflation-and-multi-unit-brownstone-investments/,https://assets.agentfire3.com/uploads/sites/312/2022/07/Inflation-and-Multi-Unit-Real-Estate-Investments.png,https://montfortre.com/redesign-assets/blog/inflation-and-multi-unit-brownstone-investments/featured-Inflation-and-Multi-Unit-Real-Estate-Investments.png,1,Inflation and Multi Unit Brownstone Investments,,,0,,,,4339,15,9,Organization|BreadcrumbList|RealEstateAgent,834,103,91,false,https://montfortre.com/inflation-and-multi-unit-brownstone-investments/,
/rent-control-v-rent-stabilization,200,true,blog,Rent Control v. Rent Stabilization | Montfort Real Estate,Rent Control v. Rent Stabilization | Montfort Real Estate,true,57,"It is estimated that over 1,000,000 apartments in New York City are characterized as rent-regulated. Rent-regulated apartments fall into two categories, rent-controlled and rent-stabilized. Click here to learn more.","It is estimated that over 1,000,000 apartments in New York City are characterized as rent-regulated. Rent-regulated apartments fall into two categories, rent-controlled and rent-stabilized. Click here to learn more.",true,215,https://montfortre.com/rent-control-v-rent-stabilization/,https://montfortre.com/rent-control-v-rent-stabilization/,https://assets.agentfire3.com/uploads/sites/312/2022/03/DSC-6520-1024x681.jpg,https://assets.agentfire3.com/uploads/sites/312/2022/03/DSC-6520-1024x681.jpg,1,Rent Control v. Rent Stabilization,,,4,What is a Rent Controlled Apartment? || What is a Rent Stabilized Apartment in New York City? || How Do You Get a Rent Stabilized Apartment in New York City? || Final Thoughts,100,,4597,16,10,Organization|BreadcrumbList|RealEstateAgent,880,105.1,92,false,https://montfortre.com/rent-control-v-rent-stabilization/,
/why-foreign-buyers-should-consider-buying-a-brownstone,200,true,blog,Why Foreign Buyers Should Consider Buying a Brownstone? | Montfort Real Estate,Why Foreign Buyers Should Consider Buying a Brownstone? | Montfort Real Estate,true,78,Cloick here to discover the top reasons why foreign buyers should consider buying a brownstone in New York City.,Cloick here to discover the top reasons why foreign buyers should consider buying a brownstone in New York City.,true,112,https://montfortre.com/why-foreign-buyers-should-consider-buying-a-brownstone/,https://montfortre.com/why-foreign-buyers-should-consider-buying-a-brownstone/,https://assets.agentfire3.com/uploads/sites/312/2022/01/Blog-Why-Foreign-Buyers-Should-Consider-Buying-a-Brownstone.png,https://montfortre.com/redesign-assets/blog/why-foreign-buyers-should-consider-buying-a-brownstone/featured-Blog-Why-Foreign-Buyers-Should-Consider-Buying-a-Brownstone.png,1,Why Foreign Buyers Should Consider Buying a Brownstone?,,,8,No Board Approval Needed || Privacy || Space || No Additional Expenses For Foreign Buyers || Transaction Cost || Capital gains taxes || The Importance of a Buyer’s Agent || Final Thoughts,100,,4959,18,12,Organization|BreadcrumbList|RealEstateAgent,567,108.7,94,false,https://montfortre.com/why-foreign-buyers-should-consider-buying-a-brownstone/,
/top-ways-to-purchase-a-brownstone-with-crypto-in-new-york-city,200,true,blog,Top Ways to Purchase a Brownstone with Crypto in New York City | Montfort Real Estate,Top Ways to Purchase a Brownstone with Crypto in New York City | Montfort Real Estate,true,85,"Owning a beautiful Brownstone in New York City is a dream come true for most people. Characteristically, Brownstones are unique and arguably one of NYC’s best real estate investments.","Owning a beautiful Brownstone in New York City is a dream come true for most people. Characteristically, Brownstones are unique and arguably one of NYC’s best real estate investments.",true,183,https://montfortre.com/top-ways-to-purchase-a-brownstone-with-crypto-in-new-york-city/,https://montfortre.com/top-ways-to-purchase-a-brownstone-with-crypto-in-new-york-city/,https://assets.agentfire3.com/uploads/sites/312/2022/01/Blog-Top-Ways-To-Buy-a-Brownstone-with-Crypto-In-New-York-City.png,https://montfortre.com/redesign-assets/blog/top-ways-to-purchase-a-brownstone-with-crypto-in-new-york-city/featured-Blog-Top-Ways-To-Buy-a-Brownstone-with-Crypto-In-New-York-City.png,1,Top Ways to Purchase a Brownstone with Crypto in New York City,,,2,What is Crypto? || Final Thoughts,100,,5136,16,10,Organization|BreadcrumbList|RealEstateAgent,291,110.4,92,false,https://montfortre.com/top-ways-to-purchase-a-brownstone-with-crypto-in-new-york-city/,
/the-benefit-of-townhouse-co-living-in-new-york-city,200,true,blog,The Benefit of Townhouse Co-Living In New York City | Montfort Real Estate,The Benefit of Townhouse Co-Living In New York City | Montfort Real Estate,true,74,"In a place like NYC, where real estate is costly, and inventory is limited,  more landlords should consider the numerous benefits of offering townhouse co-living housing to their residents.  Click here to learn more!","In a place like NYC, where real estate is costly, and inventory is limited,  more landlords should consider the numerous benefits of offering townhouse co-living housing to their residents.  Click here to learn more!",true,216,https://montfortre.com/the-benefit-of-townhouse-co-living-in-new-york-city/,https://montfortre.com/the-benefit-of-townhouse-co-living-in-new-york-city/,https://assets.agentfire3.com/uploads/sites/312/2022/01/Blog-The-Benefit-of-Townhouse-Co-Living-In-New-York-City-1024x768.jpg,https://assets.agentfire3.com/uploads/sites/312/2022/01/Blog-The-Benefit-of-Townhouse-Co-Living-In-New-York-City-1024x768.jpg,1,The Benefit of Townhouse Co-Living In New York City,,,7,Affordability || Profitability || Amenities || Location || Security || A Sense of Community || Consider Townhouse Co-Living,100,,4519,16,10,Organization|BreadcrumbList|RealEstateAgent,1619,105.8,92,false,https://montfortre.com/the-benefit-of-townhouse-co-living-in-new-york-city/,
/nycs-hot-real-estate-market-after-covid-19,200,true,blog,NYC’s Hot Real Estate Market after Covid-19 | Montfort Real Estate,NYC’s Hot Real Estate Market after Covid-19 | Montfort Real Estate,true,66,The economic center of the country lost out on billions of dollars in income and foreshadowed a downturning real estate market.,The economic center of the country lost out on billions of dollars in income and foreshadowed a downturning real estate market.,true,127,https://montfortre.com/nycs-hot-real-estate-market-after-covid-19/,https://montfortre.com/nycs-hot-real-estate-market-after-covid-19/,https://assets.agentfire3.com/uploads/sites/312/2021/10/Blog-Real-estate-prices-in-NYC-after-Covid-19-1-1024x769.jpg,https://assets.agentfire3.com/uploads/sites/312/2021/10/Blog-Real-estate-prices-in-NYC-after-Covid-19-1-1024x769.jpg,1,NYC’s Hot Real Estate Market after Covid-19,,,0,,,,4381,15,9,Organization|BreadcrumbList|RealEstateAgent,1860,103.3,91,false,https://montfortre.com/nycs-hot-real-estate-market-after-covid-19/,
/top-7-things-to-check-before-making-a-brownstone-purchase,200,true,blog,Top 7 Things to Check Before Making a Brownstone Purchase | Montfort Real Estate,Top 7 Things to Check Before Making a Brownstone Purchase | Montfort Real Estate,true,80,Click here to learn how to avoid making costly mistakes when buying a brownstone in New York City.,Click here to learn how to avoid making costly mistakes when buying a brownstone in New York City.,true,98,https://montfortre.com/top-7-things-to-check-before-making-a-brownstone-purchase/,https://montfortre.com/top-7-things-to-check-before-making-a-brownstone-purchase/,https://assets.agentfire3.com/uploads/sites/312/2021/07/Top-7-Things-to-Check-Before-Making-a-Townhouse-Purchase-1.png,https://montfortre.com/redesign-assets/blog/top-7-things-to-check-before-making-a-brownstone-purchase/featured-Top-7-Things-to-Check-Before-Making-a-Townhouse-Purchase-1.png,1,Top 7 Things to Check Before Making a Brownstone Purchase,,,0,,,,4875,18,12,Organization|BreadcrumbList|RealEstateAgent,754,108.4,93,false,https://montfortre.com/top-7-things-to-check-before-making-a-brownstone-purchase/,
/the-case-for-buying-a-townhouse-over-a-condo-or-co-op-in-nyc,200,true,blog,The Case for Buying a Townhouse Over a Condo or Co-op in NYC | Montfort Real Estate,The Case for Buying a Townhouse Over a Condo or Co-op in NYC | Montfort Real Estate,true,83,The overwhelming majority of property sales in Manhattan and Brooklyn are for co-op and condo apartments. Apartment living comes with several benefits.,The overwhelming majority of property sales in Manhattan and Brooklyn are for co-op and condo apartments. Apartment living comes with several benefits.,true,151,https://montfortre.com/the-case-for-buying-a-townhouse-over-a-condo-or-co-op-in-nyc/,https://montfortre.com/the-case-for-buying-a-townhouse-over-a-condo-or-co-op-in-nyc/,https://assets.agentfire3.com/uploads/sites/312/2021/07/3-The-Case-for-Buying-a-Townhouse-Over-a-Condo-or-Co-op-in-NYC.png,https://montfortre.com/redesign-assets/blog/the-case-for-buying-a-townhouse-over-a-condo-or-co-op-in-nyc/featured-3-The-Case-for-Buying-a-Townhouse-Over-a-Condo-or-Co-op-in-NYC.png,1,The Case for Buying a Townhouse Over a Condo or Co-op in NYC,,,0,,,,4374,18,12,Organization|BreadcrumbList|RealEstateAgent,924,105.6,92,false,https://montfortre.com/the-case-for-buying-a-townhouse-over-a-condo-or-co-op-in-nyc/,
/new-york-says-goodbye-to-rental-discounts,200,true,blog,New York Says Goodbye to Rental Discounts | Montfort Real Estate,New York Says Goodbye to Rental Discounts | Montfort Real Estate,true,64,"When hoards of tenants all across the city fled to the suburbs and more ideal living situations amid the Covid-19 pandemic, landlords felt the blow. Now, as the city attempts a return to normalcy, it’s the renters taking the heat.","When hoards of tenants all across the city fled to the suburbs and more ideal living situations amid the Covid-19 pandemic, landlords felt the blow. Now, as the city attempts a return to normalcy, it’s the renters taking the heat.",true,230,https://montfortre.com/new-york-says-goodbye-to-rental-discounts/,https://montfortre.com/new-york-says-goodbye-to-rental-discounts/,https://assets.agentfire3.com/uploads/sites/312/2021/10/Blog-New-York-Says-Goodbye-to-Rental-Discounts-1024x683.jpg,https://assets.agentfire3.com/uploads/sites/312/2021/10/Blog-New-York-Says-Goodbye-to-Rental-Discounts-1024x683.jpg,1,New York Says Goodbye to Rental Discounts,,,0,,,,4216,14,8,Organization|BreadcrumbList|RealEstateAgent,1095,101.8,90,false,https://montfortre.com/new-york-says-goodbye-to-rental-discounts/,
/mortgage-rate-drops-to-historic-lows,200,true,blog,Mortgage Rate Drops to Historic Lows!! | Montfort Real Estate,Mortgage Rate Drops to Historic Lows!! | Montfort Real Estate,true,61,"In the last week, mortgage rates have gotten even more affordable and have reached an all-time low. As stay-at-home orders are beginning to lift across the nation, this is music to the ears of many potential homebuyers who were already considering purchasing a home before the Coronavirus pandemic hit the US.","In the last week, mortgage rates have gotten even more affordable and have reached an all-time low. As stay-at-home orders are beginning to lift across the nation, this is music to the ears of many potential homebuyers who were already considering purchasing a home before the Coronavirus pandemic hit the US.",true,309,https://montfortre.com/mortgage-rate-drops-to-historic-lows/,https://montfortre.com/mortgage-rate-drops-to-historic-lows/,https://assets.agentfire3.com/uploads/sites/312/2021/07/Mortgage-Rate-Drops-to-Historic-Lows.png,https://montfortre.com/redesign-assets/blog/mortgage-rate-drops-to-historic-lows/featured-Mortgage-Rate-Drops-to-Historic-Lows.png,1,Mortgage Rate Drops to Historic Lows!!,,,0,,,,4281,15,9,Organization|BreadcrumbList|RealEstateAgent,1141,102.9,91,false,https://montfortre.com/mortgage-rate-drops-to-historic-lows/,
/what-awaits-the-nyc-real-estate-market-post-pandemic,200,true,blog,What Awaits the NYC Real Estate Market Post-Pandemic? | Montfort Real Estate,What Awaits the NYC Real Estate Market Post-Pandemic? | Montfort Real Estate,true,76,"New York City Realtors, real estate agents, brokers, and other professionals in the real estate business are waiting for the day they can begin conducting normal open houses and showings again.","New York City Realtors, real estate agents, brokers, and other professionals in the real estate business are waiting for the day they can begin conducting normal open houses and showings again.",true,193,https://montfortre.com/what-awaits-the-nyc-real-estate-market-post-pandemic/,https://montfortre.com/what-awaits-the-nyc-real-estate-market-post-pandemic/,https://assets.agentfire3.com/uploads/sites/312/2021/07/What-Awaits-the-NYC-Real-Estate-Market-Post-Pandemic.png,https://montfortre.com/redesign-assets/blog/what-awaits-the-nyc-real-estate-market-post-pandemic/featured-What-Awaits-the-NYC-Real-Estate-Market-Post-Pandemic.png,1,What Awaits the NYC Real Estate Market Post-Pandemic?,,,0,,,,4464,16,10,Organization|BreadcrumbList|RealEstateAgent,936,104.9,92,false,https://montfortre.com/what-awaits-the-nyc-real-estate-market-post-pandemic/,
/you-still-have-time-to-invest-in-qualified-opportunity-zones-in-nyc,200,true,blog,You Still Have Time To Invest In Qualified Opportunity Zones in NYC | Montfort Real Estate,You Still Have Time To Invest In Qualified Opportunity Zones in NYC | Montfort Real Estate,true,90,Looking for a smart Opportunity Zone investment in Harlem?,Looking for a smart Opportunity Zone investment in Harlem?,true,58,https://montfortre.com/you-still-have-time-to-invest-in-qualified-opportunity-zones-in-nyc/,https://montfortre.com/you-still-have-time-to-invest-in-qualified-opportunity-zones-in-nyc/,https://assets.agentfire3.com/uploads/sites/312/2021/07/You-Still-Have-Time-To-Invest-In-Qualified-Opportunity-Zones-in-NYC.png,https://montfortre.com/redesign-assets/blog/you-still-have-time-to-invest-in-qualified-opportunity-zones-in-nyc/featured-You-Still-Have-Time-To-Invest-In-Qualified-Opportunity-Zones-in-NYC.png,1,You Still Have Time To Invest In Qualified Opportunity Zones in NYC,,,0,,,,4694,16,10,Organization|BreadcrumbList|RealEstateAgent,884,106.6,94,false,https://montfortre.com/you-still-have-time-to-invest-in-qualified-opportunity-zones-in-nyc/,
/guide-everything-you-need-to-know-about-purchasing-a-multi-family-townhouse-and-renting-it-out,200,true,blog,Guide: Everything You Need to Know About Purchasing a Multi-family Townhouse and Renting it Out | Montfort Real Estate,Guide: Everything You Need to Know About Purchasing a Multi-family Townhouse and Renting it Out | Montfort Real Estate,true,118,"Are you an investor considering investing in a townhouse and becoming a landlord in New York City? If so, this guide is for you.","Are you an investor considering investing in a townhouse and becoming a landlord in New York City? If so, this guide is for you.",true,128,https://montfortre.com/guide-everything-you-need-to-know-about-purchasing-a-multi-family-townhouse-and-renting-it-out/,https://montfortre.com/guide-everything-you-need-to-know-about-purchasing-a-multi-family-townhouse-and-renting-it-out/,https://assets.agentfire3.com/uploads/sites/312/2021/07/Guide-Everything-You-Need-to-Know-About-Purchasing-a-Multi-family-Townhouse-and-Renting-it-Out.png,https://montfortre.com/redesign-assets/blog/guide-everything-you-need-to-know-about-purchasing-a-multi-family-townhouse-and-renting-it-out/featured-Guide-Everything-You-Need-to-Know-About-Purchasing-a-Multi-family-Townhouse-and-Renting-it-Out.png,1,Guide: Everything You Need to Know About Purchasing a Multi-family Townhouse and Renting it Out,,,7,"First, Double Check the Numbers || Location. Location, Location || Consider the Layout of the Property || Conduct a Thorough Property Inspection || Don’t Ignore Major Red Flags || Setting Rent || The Responsibility of Being a Landlord",100,,4899,18,12,Organization|BreadcrumbList|RealEstateAgent,894,109.5,95,false,https://montfortre.com/guide-everything-you-need-to-know-about-purchasing-a-multi-family-townhouse-and-renting-it-out/,
/the-ins-and-out-of-using-co-ownership-to-purchase-a-new-york-city-brownstone,200,true,blog,The Ins and Out of Using Co-Ownership to Purchase a New York City Brownstone | Montfort Real Estate,The Ins and Out of Using Co-Ownership to Purchase a New York City Brownstone | Montfort Real Estate,true,99,Co-ownership is an excellent option to achieve homeownership in New York City. Click here to learn more.,Co-ownership is an excellent option to achieve homeownership in New York City. Click here to learn more.,true,104,https://montfortre.com/the-ins-and-out-of-using-co-ownership-to-purchase-a-new-york-city-brownstone/,https://montfortre.com/the-ins-and-out-of-using-co-ownership-to-purchase-a-new-york-city-brownstone/,https://assets.agentfire3.com/uploads/sites/312/2021/07/The-Ins-and-Out-of-Using-Co-Ownership-to-Purchase-a-New-York-City-Brownstone.png,https://montfortre.com/redesign-assets/blog/the-ins-and-out-of-using-co-ownership-to-purchase-a-new-york-city-brownstone/featured-The-Ins-and-Out-of-Using-Co-Ownership-to-Purchase-a-New-York-City-Brownstone.png,1,The Ins and Out of Using Co-Ownership to Purchase a New York City Brownstone,,,5,What is Co-Buying or Co-ownership? || What are the types of title when co-buying a property? || How to Finance a Co-Purchase || Unique Risks of Co-Ownership || Don’t Miss Out on Your Chance to Purchase Property Right Now!,100,,5298,17,11,Organization|BreadcrumbList|RealEstateAgent,982,111,94,false,https://montfortre.com/the-ins-and-out-of-using-co-ownership-to-purchase-a-new-york-city-brownstone/,
/how-to-price-a-harlem-townhouse,200,true,blog,How to Price a Harlem Townhouse | Montfort Real Estate,How to Price a Harlem Townhouse | Montfort Real Estate,true,54,What Harlem Homeowners Can Take from the Record-Setting $27 Million Townhouse Listing,What Harlem Homeowners Can Take from the Record-Setting $27 Million Townhouse Listing,true,85,https://montfortre.com/how-to-price-a-harlem-townhouse/,https://montfortre.com/how-to-price-a-harlem-townhouse/,https://assets.agentfire3.com/uploads/sites/312/2021/07/How-to-Price-a-Harlem-Townhouse.png,https://montfortre.com/redesign-assets/blog/how-to-price-a-harlem-townhouse/featured-How-to-Price-a-Harlem-Townhouse.png,1,How to Price a Harlem Townhouse,,,0,,,,4261,14,8,Organization|BreadcrumbList|RealEstateAgent,661,100.6,90,false,https://montfortre.com/how-to-price-a-harlem-townhouse/,
/harlems-multi-family-townhouses-are-opportunity-zone-hidden-gem,200,true,blog,Harlem’s Multi-Family Townhouses Are Opportunity Zone Hidden Gem | Montfort Real Estate,Harlem’s Multi-Family Townhouses Are Opportunity Zone Hidden Gem | Montfort Real Estate,true,87,"More than a year after the IRS introduced “Opportunity Zones” -- a chance to defer, reduce or even eliminate tax on capital gains by investing in under-developed and low-income neighborhoods --","More than a year after the IRS introduced “Opportunity Zones” -- a chance to defer, reduce or even eliminate tax on capital gains by investing in under-developed and low-income neighborhoods --",true,193,https://montfortre.com/harlems-multi-family-townhouses-are-opportunity-zone-hidden-gem/,https://montfortre.com/harlems-multi-family-townhouses-are-opportunity-zone-hidden-gem/,https://assets.agentfire3.com/uploads/sites/312/2021/07/Harlems-Multi-Family-Townhouses-Are-Opportunity-Zone-Hidden-Gem.png,https://montfortre.com/redesign-assets/blog/harlems-multi-family-townhouses-are-opportunity-zone-hidden-gem/featured-Harlems-Multi-Family-Townhouses-Are-Opportunity-Zone-Hidden-Gem.png,1,Harlem’s Multi-Family Townhouses Are Opportunity Zone Hidden Gem,,,0,,,,4520,15,9,Organization|BreadcrumbList|RealEstateAgent,789,104,91,false,https://montfortre.com/harlems-multi-family-townhouses-are-opportunity-zone-hidden-gem/,
/is-co-living-the-new-sro-how-to-leverage-this-trend-for-a-greater-roi,200,true,blog,Is Co-Living the New SRO? How to Leverage This Trend for a Greater ROI | Montfort Real Estate,Is Co-Living the New SRO? How to Leverage This Trend for a Greater ROI | Montfort Real Estate,true,93,"For many New Yorkers, the biggest challenge of city living isn’t the subway at rush hour or late nights at the office; it’s finding a place to live.","For many New Yorkers, the biggest challenge of city living isn’t the subway at rush hour or late nights at the office; it’s finding a place to live.",true,148,https://montfortre.com/is-co-living-the-new-sro-how-to-leverage-this-trend-for-a-greater-roi/,https://montfortre.com/is-co-living-the-new-sro-how-to-leverage-this-trend-for-a-greater-roi/,https://assets.agentfire3.com/uploads/sites/312/2021/07/Is-Co-Living-the-New-SRO.png,https://montfortre.com/redesign-assets/blog/is-co-living-the-new-sro-how-to-leverage-this-trend-for-a-greater-roi/featured-Is-Co-Living-the-New-SRO.png,1,Is Co-Living the New SRO? How to Leverage This Trend for a Greater ROI,,,0,,,,4869,16,10,Organization|BreadcrumbList|RealEstateAgent,744,106.8,92,false,https://montfortre.com/is-co-living-the-new-sro-how-to-leverage-this-trend-for-a-greater-roi/,
/the-upside-of-a-down-market-why-now-is-the-time-to-upsize-to-a-harlem-townhouse,200,true,blog,The Upside of a Down Market: Why Now is the Time to Upsize to a Harlem Townhouse | Montfort Real Estate,The Upside of a Down Market: Why Now is the Time to Upsize to a Harlem Townhouse | Montfort Real Estate,true,103,"If you’re a homeowner in New York City, the tepid real estate market might have you cringing at the thought of losing value on your investment -- but there’s a silver lining to a cooling market that can put you ahead in the long-term, both financially and emotionally.","If you’re a homeowner in New York City, the tepid real estate market might have you cringing at the thought of losing value on your investment -- but there’s a silver lining to a cooling market that can put you ahead in the long-term, both financially and emotionally.",true,268,https://montfortre.com/the-upside-of-a-down-market-why-now-is-the-time-to-upsize-to-a-harlem-townhouse/,https://montfortre.com/the-upside-of-a-down-market-why-now-is-the-time-to-upsize-to-a-harlem-townhouse/,https://assets.agentfire3.com/uploads/sites/312/2021/07/The-Upside-of-a-Down-Market-Why-Now-is-the-Time-to-Upsize-to-a-Harlem-Townhouse.png,https://montfortre.com/redesign-assets/blog/the-upside-of-a-down-market-why-now-is-the-time-to-upsize-to-a-harlem-townhouse/featured-The-Upside-of-a-Down-Market-Why-Now-is-the-Time-to-Upsize-to-a-Harlem-Townhouse.png,1,The Upside of a Down Market: Why Now is the Time to Upsize to a Harlem Townhouse,,,0,,,,4429,15,9,Organization|BreadcrumbList|RealEstateAgent,695,103.8,92,false,https://montfortre.com/the-upside-of-a-down-market-why-now-is-the-time-to-upsize-to-a-harlem-townhouse/,
/understanding-nyc-sro-laws-how-to-convert-an-sro-townhouse-to-a-class-a-property,200,true,blog,Understanding NYC SRO Laws: How to Convert an SRO Townhouse to a Class A Property | Montfort Real Estate,Understanding NYC SRO Laws: How to Convert an SRO Townhouse to a Class A Property | Montfort Real Estate,true,104,"New York’s emerging neighborhoods hold a wealth of deals for savvy buyers, from opportunity zone investments to newly trending co-living operations. But not all opportunities benefit new owners.","New York’s emerging neighborhoods hold a wealth of deals for savvy buyers, from opportunity zone investments to newly trending co-living operations. But not all opportunities benefit new owners.",true,194,https://montfortre.com/understanding-nyc-sro-laws-how-to-convert-an-sro-townhouse-to-a-class-a-property/,https://montfortre.com/understanding-nyc-sro-laws-how-to-convert-an-sro-townhouse-to-a-class-a-property/,https://assets.agentfire3.com/uploads/sites/312/2021/07/Understanding-NYC-SRO-Laws-How-to-Convert-an-SRO-Townhouse-to-a-Class-A-Property.png,https://montfortre.com/redesign-assets/blog/understanding-nyc-sro-laws-how-to-convert-an-sro-townhouse-to-a-class-a-property/featured-Understanding-NYC-SRO-Laws-How-to-Convert-an-SRO-Townhouse-to-a-Class-A-Property.png,1,Understanding NYC SRO Laws: How to Convert an SRO Townhouse to a Class A Property,,,0,,,,4488,16,10,Organization|BreadcrumbList|RealEstateAgent,673,104.8,95,false,https://montfortre.com/understanding-nyc-sro-laws-how-to-convert-an-sro-townhouse-to-a-class-a-property/,
/why-townhouses-make-sense-during-and-post-covid-19,200,true,blog,Why Townhouses Make Sense During and Post COVID-19? | Montfort Real Estate,Why Townhouses Make Sense During and Post COVID-19? | Montfort Real Estate,true,74,"At the moment, space and personal privacy are two commodities in rarer supply for New York apartment residents than toilet paper and hand sanitizer during the COVID-19 pandemic.","At the moment, space and personal privacy are two commodities in rarer supply for New York apartment residents than toilet paper and hand sanitizer during the COVID-19 pandemic.",true,177,https://montfortre.com/why-townhouses-make-sense-during-and-post-covid-19/,https://montfortre.com/why-townhouses-make-sense-during-and-post-covid-19/,https://assets.agentfire3.com/uploads/sites/312/2021/07/Why-Townhouses-Make-Sense-During-and-Post-COVID-19.png,https://montfortre.com/redesign-assets/blog/why-townhouses-make-sense-during-and-post-covid-19/featured-Why-Townhouses-Make-Sense-During-and-Post-COVID-19.png,1,Why Townhouses Make Sense During and Post COVID-19?,,,0,,,,4768,15,9,Organization|BreadcrumbList|RealEstateAgent,694,105.9,91,false,https://montfortre.com/why-townhouses-make-sense-during-and-post-covid-19/,
/top-4-reasons-to-invest-in-multi-family-properties-amid-the-coronavirus-pandemic,200,true,blog,Top 4 Reasons to Invest in Multi-family Properties Amid the Coronavirus Pandemic | Montfort Real Estate,Top 4 Reasons to Invest in Multi-family Properties Amid the Coronavirus Pandemic | Montfort Real Estate,true,103,"Spearheaded by the Novel Coronavirus (COVID-19) global pandemic, there is a great deal of uncertainty surrounding the current economic climate.","Spearheaded by the Novel Coronavirus (COVID-19) global pandemic, there is a great deal of uncertainty surrounding the current economic climate.",true,143,https://montfortre.com/top-4-reasons-to-invest-in-multi-family-properties-amid-the-coronavirus-pandemic/,https://montfortre.com/top-4-reasons-to-invest-in-multi-family-properties-amid-the-coronavirus-pandemic/,https://assets.agentfire3.com/uploads/sites/312/2021/07/Top-4-Reasons-to-Invest-in-Multi-family-Properties-Amid-the-Coronavirus-Pandemic.png,https://montfortre.com/redesign-assets/blog/top-4-reasons-to-invest-in-multi-family-properties-amid-the-coronavirus-pandemic/featured-Top-4-Reasons-to-Invest-in-Multi-family-Properties-Amid-the-Coronavirus-Pandemic.png,1,Top 4 Reasons to Invest in Multi-family Properties Amid the Coronavirus Pandemic,,,0,,,,4254,15,9,Organization|BreadcrumbList|RealEstateAgent,859,103.9,91,false,https://montfortre.com/top-4-reasons-to-invest-in-multi-family-properties-amid-the-coronavirus-pandemic/,
/harlem-q3-2023-brownstone-market-report,200,true,blog,Harlem Brownstone Q3 2023 Market Report | Montfort Real Estate,Harlem Brownstone Q3 2023 Market Report | Montfort Real Estate,true,62,The Harlem brownstone market has seen a significant downturn in the last three years. Click here to learn more...,The Harlem brownstone market has seen a significant downturn in the last three years. Click here to learn more...,true,113,https://montfortre.com/harlem-q3-2023-brownstone-market-report/,https://montfortre.com/harlem-q3-2023-brownstone-market-report/,https://assets.agentfire3.com/uploads/sites/312/2023/10/Harlem-Q3-2023-Market-Report-1024x683.fit.jpg,https://assets.agentfire3.com/uploads/sites/312/2023/10/Harlem-Q3-2023-Market-Report-1024x683.fit.jpg,1,Harlem Brownstone Q3 2023 Market Report,,,0,,,,3956,14,8,Organization|BreadcrumbList|RealEstateAgent,603,98.1,90,false,https://montfortre.com/harlem-q3-2023-brownstone-market-report/,
/house-hacking-your-nyc-brownstone,200,true,blog,House Hacking Your NYC Brownstone | Montfort Real Estate,House Hacking Your NYC Brownstone | Montfort Real Estate,true,56,"If you own or are thinking of buying a New York City Brownstone, there are three main ways to begin house hacking. Click here to learn more!","If you own or are thinking of buying a New York City Brownstone, there are three main ways to begin house hacking. Click here to learn more!",true,140,https://montfortre.com/house-hacking-your-nyc-brownstone/,https://montfortre.com/house-hacking-your-nyc-brownstone/,https://assets.agentfire3.com/uploads/sites/312/2022/11/Montfort-Real-Estate-Stanley-Montfort-NewYork-Real-Estate-Agent-Brownstones3.jpg,https://montfortre.com/redesign-assets/blog/house-hacking-your-nyc-brownstone/featured-Montfort-Real-Estate-Stanley-Montfort-NewYork-Real-Estate-Agent-Brownstones3.jpg,1,House Hacking Your NYC Brownstone,,,0,,,,4466,14,8,Organization|BreadcrumbList|RealEstateAgent,974,103.8,94,false,https://montfortre.com/house-hacking-your-nyc-brownstone/,
/what-is-my-house-worth,200,true,blog,Montfort Real Estate | New York Home Value Guide,Montfort Real Estate | New York Home Value Guide,true,48,"Are you wondering what your house is worth? Whether you’re selling, or just want to know your net worth, knowing your house value is key. Learn more.","Are you wondering what your house is worth? Whether you’re selling, or just want to know your net worth, knowing your house value is key. Learn more.",true,149,https://montfortre.com/what-is-my-house-worth/,https://montfortre.com/what-is-my-house-worth/,https://assets.agentfire3.com/uploads/sites/312/2024/06/What-is-my-house-worth.png,https://montfortre.com/redesign-assets/blog/what-is-my-house-worth/featured-What-is-my-house-worth.png,1,What Is My House Worth? A Simple Guide.,,,9,What Affects Your House Value || How to Estimate Your House Value Using a Home Value Estimator Tool || Real Estate Agents || The Appraisal Process || Factors that can increase or decrease your home’s value based on Local Market Conditions || Monitoring Your Home’s Value Over Time || How Interest Rate Hike Affects Your Home’s Value || How to Use Your Home’s Value || Conclusion: Why Knowing Your Home’s Value is Important for Homeowners,100,,5751,31,25,Organization|BreadcrumbList|RealEstateAgent,696,114.3,88,false,https://montfortre.com/what-is-my-house-worth/,
/sell-my-house-fast-expert-tips-to-attract-buyers-and-get-the-best-deal,200,true,blog,Sell My House Fast: Expert Tips to Attract Buyers and Get the Best Deal,Sell My House Fast: Expert Tips to Attract Buyers and Get the Best Deal,true,71,Selling your house fast and getting the best deal is achievable with the right knowledge and strategies. Click here to learn more.,Selling your house fast and getting the best deal is achievable with the right knowledge and strategies. Click here to learn more.,true,130,https://montfortre.com/sell-my-house-fast-expert-tips-to-attract-buyers-and-get-the-best-deal/,https://montfortre.com/sell-my-house-fast-expert-tips-to-attract-buyers-and-get-the-best-deal/,https://assets.agentfire3.com/uploads/sites/312/2024/06/Sell-My-House-Fast.png,https://montfortre.com/redesign-assets/blog/sell-my-house-fast-expert-tips-to-attract-buyers-and-get-the-best-deal/featured-Sell-My-House-Fast.png,1,Sell My House Fast: Expert Tips to Attract Buyers and Get the Best Deal,,,10,Understanding the Current Real Estate Market || Preparing Your House for a Fast Sale to Cash Buyers || Pricing Your House Competitively || Effective Online Marketing Strategies for Selling Your House || Utilizing Professional Photography and Staging || Holding Open Houses and Private Showings || Working with a Real Estate Agent or Selling on Your Own || Negotiating the Best Deal for Your House || Finalizing the Sale and Closing the Deal || Conclusion,100,,6109,33,27,Organization|BreadcrumbList|RealEstateAgent,399,118.2,88,false,https://montfortre.com/sell-my-house-fast-expert-tips-to-attract-buyers-and-get-the-best-deal/,
/manhattan-q3-2023-market-report,200,true,blog,Manhattan Brownstone Q3 2023 Market Report | Montfort Real Estate,Manhattan Brownstone Q3 2023 Market Report | Montfort Real Estate,true,65,"Year-over-year, sales and dollar volume of Manhattan townhouses are down, but impressively pricing remains flat. Click here to learn more.","Year-over-year, sales and dollar volume of Manhattan townhouses are down, but impressively pricing remains flat. Click here to learn more.",true,138,https://montfortre.com/manhattan-q3-2023-market-report/,https://montfortre.com/manhattan-q3-2023-market-report/,https://assets.agentfire3.com/uploads/sites/312/2023/11/Manhattan-Q3-2023-Market-Report-1024x685.fit.png,https://assets.agentfire3.com/uploads/sites/312/2023/11/Manhattan-Q3-2023-Market-Report-1024x685.fit.png,1,Manhattan Brownstone Q3 2023 Market Report,,,0,,,,4040,14,8,Organization|BreadcrumbList|RealEstateAgent,658,99.6,95,false,https://montfortre.com/manhattan-q3-2023-market-report/,
/harlem-realtor,200,true,blog,The Ultimate Guide to Finding the Best Harlem Realtor for Your Dream Home,The Ultimate Guide to Finding the Best Harlem Realtor for Your Dream Home,true,73,"Looking for a qualified Harlem realtor? Look no more, check out this article to understand the best practices for picking a Harlem realtor.","Looking for a qualified Harlem realtor? Look no more, check out this article to understand the best practices for picking a Harlem realtor.",true,139,https://montfortre.com/harlem-realtor/,https://montfortre.com/harlem-realtor/,https://assets.agentfire3.com/uploads/sites/312/2024/05/Montfort-Real-Estate-10-1024x683.fit.png,https://assets.agentfire3.com/uploads/sites/312/2024/05/Montfort-Real-Estate-10-1024x683.fit.png,1,The Ultimate Guide to Finding the Best Harlem Realtor for Your Dream Home,,,9,Why it’s important to find the best Harlem Realtor for your dream home || Researching Harlem Realtors || Questions to ask when interviewing Harlem Realtors || Evaluating a Harlem Realtor’s experience and track record || Understanding the local Harlem real estate market and home values || The role of a Harlem Realtor in buyer representation during the home buying process || Tips for working effectively with a Harlem Realtor || Red flags to watch out for when choosing a Harlem Realtor || Conclusion: Finding the perfect Harlem Realtor for your dream home,100,,5717,31,25,Organization|BreadcrumbList|RealEstateAgent,694,115.3,97,false,https://montfortre.com/harlem-realtor/,
/everything-you-need-to-know-about-buying-and-selling-probate-property-in-new-york-city,200,true,blog,Everything You Need to Know About Buying and Selling Probate Property In New York City | Montfort Real Estate,Everything You Need to Know About Buying and Selling Probate Property In New York City | Montfort Real Estate,true,109,"Click here to discover everything you need to know about a probate sale, whether you are the buyer or the seller.","Click here to discover everything you need to know about a probate sale, whether you are the buyer or the seller.",true,113,https://montfortre.com/everything-you-need-to-know-about-buying-and-selling-probate-property-in-new-york-city/,https://montfortre.com/everything-you-need-to-know-about-buying-and-selling-probate-property-in-new-york-city/,https://assets.agentfire3.com/uploads/sites/312/2022/02/2022-01-0911-1024x576.jpg,https://assets.agentfire3.com/uploads/sites/312/2022/02/2022-01-0911-1024x576.jpg,1,Everything You Need to Know About Buying and Selling Probate Property In New York City,,,5,What is a Probate Real Estate Sale? || How is a Probate House Sale Commenced? || Selling a Probate Property in New York City || Purchasing a probate property in New York || Final Thoughts: Is a Probate Sale Right For You,100,,4798,15,9,Organization|BreadcrumbList|RealEstateAgent,730,105.9,91,false,https://montfortre.com/everything-you-need-to-know-about-buying-and-selling-probate-property-in-new-york-city/,
/top-harlem-new-york-townhouses-with-elevators,200,true,blog,Top Harlem New York Townhouses With Elevators | Montfort Real Estate,Top Harlem New York Townhouses With Elevators | Montfort Real Estate,true,68,Discover the rare gems of Harlem: renovated townhouses with private elevators! Click link to see more!,Discover the rare gems of Harlem: renovated townhouses with private elevators! Click link to see more!,true,102,https://montfortre.com/top-harlem-new-york-townhouses-with-elevators/,https://montfortre.com/top-harlem-new-york-townhouses-with-elevators/,https://assets.agentfire3.com/uploads/sites/312/2023/11/townhouses-with-elevators-682x1024.fit.png,https://assets.agentfire3.com/uploads/sites/312/2023/11/townhouses-with-elevators-682x1024.fit.png,1,Top Harlem New York Townhouses With Elevators,,,5,Explore the List Townhouses with a private elevator Below || 850 St Nicholas Ave || 2001 5th Ave || 36 Hamilton Terr || 360 West 123rd St,100,,5444,28,22,Organization|BreadcrumbList|RealEstateAgent,720,116.9,98,false,https://montfortre.com/top-harlem-new-york-townhouses-with-elevators/,
/how-to-find-townhouse-with-garage,200,true,blog,How to Find a Townhouse With Garage or Parking | Montfort Real Estate,How to Find a Townhouse With Garage or Parking | Montfort Real Estate,true,69,"Discover your dream townhouse in New York City without breaking the bank on parking! We understand that parking in the city can be costly, but fear not. We're here to guide you toward finding a townhouse with a garage.","Discover your dream townhouse in New York City without breaking the bank on parking! We understand that parking in the city can be costly, but fear not. We're here to guide you toward finding a townhouse with a garage.",true,218,https://montfortre.com/how-to-find-townhouse-with-garage/,https://montfortre.com/how-to-find-townhouse-with-garage/,https://assets.agentfire3.com/uploads/sites/312/2022/09/New-York-Brownstone-parking-1.png,https://montfortre.com/redesign-assets/blog/how-to-find-townhouse-with-garage/featured-New-York-Brownstone-parking-1.png,2,How to Find a Townhouse With Garage or Parking || Top Budget-Friendly Townhouses With a Garage or Parking,,,8,Where to Look for a townhouse with garage? || Benefits of Townhouse With Garage || Drawbacks of Owning a Townhouse with a Garage || 235 West 138th Street || 218 West 139th Street || 263 West 139th Street || 2001 5th Ave || 730 Saint Nicholas Avenue,100,,5262,29,23,Organization|BreadcrumbList|RealEstateAgent,902,115.2,101,false,https://montfortre.com/how-to-find-townhouse-with-garage/,
/the-ultimate-guide-to-finding-the-perfect-upper-west-side-real-estate-agent,200,true,blog,The Ultimate Guide to Finding the Perfect Upper West Side Real Estate Agent,The Ultimate Guide to Finding the Perfect Upper West Side Real Estate Agent,true,75,"Welcome to the ultimate guide on finding the perfect Upper West Side real estate agent. Whether you’re buying, selling, or renting a property in this prime Manhattan neighborhood, choosing the right agent is paramount for a stress-free experience.","Welcome to the ultimate guide on finding the perfect Upper West Side real estate agent. Whether you’re buying, selling, or renting a property in this prime Manhattan neighborhood, choosing the right agent is paramount for a stress-free experience.",true,247,https://montfortre.com/the-ultimate-guide-to-finding-the-perfect-upper-west-side-real-estate-agent/,https://montfortre.com/the-ultimate-guide-to-finding-the-perfect-upper-west-side-real-estate-agent/,https://assets.agentfire3.com/uploads/sites/312/2024/07/Upper-West-Side-Real-Estate-Agents.png,https://montfortre.com/redesign-assets/blog/the-ultimate-guide-to-finding-the-perfect-upper-west-side-real-estate-agent/featured-Upper-West-Side-Real-Estate-Agents.png,1,The Ultimate Guide to Finding the Perfect Upper West Side Real Estate Agent,,,9,Importance of finding the right real estate agent || Researching upper west side real estate agents || Qualities to look for in an upper west side real estate agent || Questions to ask when interviewing potential real estate agents || Tips for finding the perfect upper west side real estate agent || Online resources for finding real estate agents in the upper west side || The role of a real estate agent in the buying/selling process || Common mistakes to avoid when choosing a real estate agent || Conclusion: Finding your perfect upper west side real estate agent,100,,6485,31,25,Organization|BreadcrumbList|RealEstateAgent,620,120.8,89,false,https://montfortre.com/the-ultimate-guide-to-finding-the-perfect-upper-west-side-real-estate-agent/,
/selling-your-brownstone-with-tenants-still-there,200,true,blog,Selling Your Brownstone with Tenants Still There | Montfort Real Estate,Selling Your Brownstone with Tenants Still There | Montfort Real Estate,true,71,"Selling your property while tenants are living there can be tricky, but there can also be some advantages. Click here to learn more!","Selling your property while tenants are living there can be tricky, but there can also be some advantages. Click here to learn more!",true,132,https://montfortre.com/selling-your-brownstone-with-tenants-still-there/,https://montfortre.com/selling-your-brownstone-with-tenants-still-there/,https://assets.agentfire3.com/uploads/sites/312/2024/06/0ca87253d99ea79b3f2b496da769844c-se-large-800-400.jpg,https://montfortre.com/redesign-assets/blog/selling-your-brownstone-with-tenants-still-there/featured-0ca87253d99ea79b3f2b496da769844c-se-large-800-400.jpg,1,Selling Your Brownstone with Tenants Still There,,,0,,,,4679,16,10,Organization|BreadcrumbList|RealEstateAgent,861,106.2,94,false,https://montfortre.com/selling-your-brownstone-with-tenants-still-there/,
/why-you-should-buy-a-brownstone-instead-of-renting-in-nyc,200,true,blog,Why You Should Buy a Brownstone Instead of Renting in NYC | Montfort Real Estate,Why You Should Buy a Brownstone Instead of Renting in NYC | Montfort Real Estate,true,80,Find out the secrets to buying a brownstone in a high interest rate environment.,Find out the secrets to buying a brownstone in a high interest rate environment.,true,80,https://montfortre.com/why-you-should-buy-a-brownstone-instead-of-renting-in-nyc/,https://montfortre.com/why-you-should-buy-a-brownstone-instead-of-renting-in-nyc/,https://assets.agentfire3.com/uploads/sites/312/2024/06/1057bb94d9c3ae000f1ec3aa4f13afe7-se-large-800-400.jpg,https://montfortre.com/redesign-assets/blog/why-you-should-buy-a-brownstone-instead-of-renting-in-nyc/featured-1057bb94d9c3ae000f1ec3aa4f13afe7-se-large-800-400.jpg,1,Why You Should Buy a Brownstone Instead of Renting in NYC,,,0,,,,4399,15,9,Organization|BreadcrumbList|RealEstateAgent,889,103.7,99,false,https://montfortre.com/why-you-should-buy-a-brownstone-instead-of-renting-in-nyc/,
/harlem-brownstone-q2-2024-market-report,200,true,blog,Harlem Brownstone Q2 2024 Market Report | Montfort Real Estate,Harlem Brownstone Q2 2024 Market Report | Montfort Real Estate,true,62,"The Harlem brownstone market has seen an increase in sales activity since this time last year. In Q2 2024, sales volume increased 61.33% from Q2 2023 and a","The Harlem brownstone market has seen an increase in sales activity since this time last year. In Q2 2024, sales volume increased 61.33% from Q2 2023 and a",true,155,https://montfortre.com/harlem-brownstone-q2-2024-market-report/,https://montfortre.com/harlem-brownstone-q2-2024-market-report/,https://assets.agentfire3.com/uploads/sites/312/2024/08/Harlem-Brownstone-Q2-2024-Market-Report.jpg,https://montfortre.com/redesign-assets/blog/harlem-brownstone-q2-2024-market-report/featured-Harlem-Brownstone-Q2-2024-Market-Report.jpg,1,Harlem Brownstone Q2 2024 Market Report,,,0,,,,3955,14,8,Organization|BreadcrumbList|RealEstateAgent,466,98.1,90,false,https://montfortre.com/harlem-brownstone-q2-2024-market-report/,
/upper-west-side-townhouse-q2-2024-market-report,200,true,blog,Upper West Side Townhouse Q2 2024 Market Report | Montfort Real Estate,Upper West Side Townhouse Q2 2024 Market Report | Montfort Real Estate,true,70,"On the Upper West Side, we observed a distinct trend that diverges from the citywide patterns. Specifically, the volume of sales increased slightly while","On the Upper West Side, we observed a distinct trend that diverges from the citywide patterns. Specifically, the volume of sales increased slightly while",true,153,https://montfortre.com/upper-west-side-townhouse-q2-2024-market-report/,https://montfortre.com/upper-west-side-townhouse-q2-2024-market-report/,https://assets.agentfire3.com/uploads/sites/312/2024/08/Manhattan-Brownstone-Q2-2024-Market-Report.png,https://montfortre.com/redesign-assets/blog/upper-west-side-townhouse-q2-2024-market-report/featured-Manhattan-Brownstone-Q2-2024-Market-Report.png,1,Upper West Side Townhouse Q2 2024 Market Report,,,0,,,,4173,15,9,Organization|BreadcrumbList|RealEstateAgent,879,101.4,91,false,https://montfortre.com/upper-west-side-townhouse-q2-2024-market-report/,
/what-to-do-with-inherited-property,200,true,blog,What to Do With Inherited Property | Montfort Real Estate,What to Do With Inherited Property | Montfort Real Estate,true,57,"Depending on your circumstances, inheriting property in New York can either be the biggest blessing or the biggest headache. Click here to learn more.","Depending on your circumstances, inheriting property in New York can either be the biggest blessing or the biggest headache. Click here to learn more.",true,150,https://montfortre.com/what-to-do-with-inherited-property/,https://montfortre.com/what-to-do-with-inherited-property/,https://assets.agentfire3.com/uploads/sites/312/2022/03/What-to-Do-With-Inherited-Property.png,https://montfortre.com/redesign-assets/blog/what-to-do-with-inherited-property/featured-What-to-Do-With-Inherited-Property.png,1,What to Do With Inherited Property,,,5,Inherited Property Defined || Why is Dealing with Inherited Property Complicated? || What Are Your Options for Dealing with Inherited Property? || The Best Way to Sell an Inherited Property || Final Thoughts,100,,4794,16,10,Organization|BreadcrumbList|RealEstateAgent,1064,106.4,93,false,https://montfortre.com/what-to-do-with-inherited-property/,
/manhattan-brownstone-q1-2024-market-report,200,true,blog,Manhattan Brownstone Q1 2024 Market Report | Montfort Real Estate,Manhattan Brownstone Q1 2024 Market Report | Montfort Real Estate,true,65,"Manhattan brownstone market report Q1 2024 with insights on pricing, inventory and trends shaping the NYC real estate market.","Manhattan brownstone market report Q1 2024 with insights on pricing, inventory and trends shaping the NYC real estate market.",true,125,https://montfortre.com/manhattan-brownstone-q1-2024-market-report/,https://montfortre.com/manhattan-brownstone-q1-2024-market-report/,https://assets.agentfire3.com/uploads/sites/312/2024/05/Manhattan.png,https://montfortre.com/redesign-assets/blog/manhattan-brownstone-q1-2024-market-report/featured-Manhattan.png,1,Manhattan Brownstone Q1 2024 Market Report,,,0,,,,4011,13,7,Organization|BreadcrumbList|RealEstateAgent,1111,98.3,89,false,https://montfortre.com/manhattan-brownstone-q1-2024-market-report/,
/all-about-taxes-when-you-sell-your-new-york-home,200,true,blog,Taxes When Selling a Home in New York: What to Know | Montfort Real Estate,Taxes When Selling a Home in New York: What to Know | Montfort Real Estate,true,74,"Learn about taxes when selling a home in New York, including capital gains, exemptions and 1031 exchange strategies to reduce your tax liability.","Learn about taxes when selling a home in New York, including capital gains, exemptions and 1031 exchange strategies to reduce your tax liability.",true,145,https://montfortre.com/all-about-taxes-when-you-sell-your-new-york-home/,https://montfortre.com/all-about-taxes-when-you-sell-your-new-york-home/,https://assets.agentfire3.com/uploads/sites/312/2022/02/1-3-1024x576.jpg,https://assets.agentfire3.com/uploads/sites/312/2022/02/1-3-1024x576.jpg,1,Taxes When Selling a Home in New York: What to Know,,,7,Capital Gains Taxes || Length of Time of Ownership || Unforeseen Circumstances Exemptions || Exemptions for Service Members || 1031 Like-Kind Tax Exemption || Additional Taxes Based on Income || Final thoughts,100,,4676,17,11,Organization|BreadcrumbList|RealEstateAgent,1221,106,96,false,https://montfortre.com/all-about-taxes-when-you-sell-your-new-york-home/,
/brownstones-in-new-york-city,200,true,blog,Brownstones in New York City: Complete Guide,Brownstones in New York City: Complete Guide,true,44,"If you're looking to buy a brownstones in New York City, this informational guide has what you need to know about brownstones.","If you're looking to buy a brownstones in New York City, this informational guide has what you need to know about brownstones.",true,126,https://montfortre.com/brownstones-in-new-york-city/,https://montfortre.com/brownstones-in-new-york-city/,https://assets.agentfire3.com/uploads/sites/312/2024/06/header-43.png,https://montfortre.com/redesign-assets/blog/brownstones-in-new-york-city/featured-header-43.png,1,Brownstones in New York City: Complete Guide,,,10,What is a NYC Brownstone? || Why are Brownstones so Popular? || The History of Brownstones in New York City || The Different Type of Brownstones in New York City || Buying Brownstones in New York City || Common Mistakes Made When Buying a Brownstone || Benefits of Owning a Brownstone || Affordable Brownstones in New York City || Working With a Brownstone Specialists || Conclusion,100,,5884,27,13,Organization|BreadcrumbList|RealEstateAgent,4108,1455.7,109,false,https://montfortre.com/brownstones-in-new-york-city/,
/harlem-brownstone-q1-2024-market-report,200,true,blog,Harlem Brownstone Q1 2024 Market Report | Montfort Real Estate,Harlem Brownstone Q1 2024 Market Report | Montfort Real Estate,true,62,"Harlem brownstone market report Q1 2024 with insights on pricing, sales activity and trends shaping the NYC townhouse market.","Harlem brownstone market report Q1 2024 with insights on pricing, sales activity and trends shaping the NYC townhouse market.",true,125,https://montfortre.com/harlem-brownstone-q1-2024-market-report/,https://montfortre.com/harlem-brownstone-q1-2024-market-report/,https://assets.agentfire3.com/uploads/sites/312/2024/05/Harlem-1024x508.fit.png,https://assets.agentfire3.com/uploads/sites/312/2024/05/Harlem-1024x508.fit.png,1,Harlem Brownstone Q1 2024 Market Report,,,0,,,,3905,13,7,Organization|BreadcrumbList|RealEstateAgent,1040,97.3,91,false,https://montfortre.com/harlem-brownstone-q1-2024-market-report/,
/discover-your-dream-home-explore-apartments-for-sale-on-the-upper-west-side,200,true,blog,Discover Your Dream Home: Explore Apartments for Sale on the Upper West Side,Discover Your Dream Home: Explore Apartments for Sale on the Upper West Side,true,76,"Are you searching for your dream home in one of New York City’s most sought-after neighborhoods? Look no further than the Upper West Side in Manhattan, NY.","Are you searching for your dream home in one of New York City’s most sought-after neighborhoods? Look no further than the Upper West Side in Manhattan, NY.",true,155,https://montfortre.com/discover-your-dream-home-explore-apartments-for-sale-on-the-upper-west-side/,https://montfortre.com/discover-your-dream-home-explore-apartments-for-sale-on-the-upper-west-side/,https://assets.agentfire3.com/uploads/sites/312/2024/07/ChatGPT-Image-10-jun-2026-11-19-08.png,https://montfortre.com/redesign-assets/blog/discover-your-dream-home-explore-apartments-for-sale-on-the-upper-west-side/featured-ChatGPT-Image-10-jun-2026-11-19-08.png,1,Discover Your Dream Home: Explore Apartments for Sale on the Upper West Side,,,9,Benefits of living on the Upper West Side || Exploring apartments for sale on the Upper West Side || The different types of apartments available || Factors to consider when buying an apartment || The amenities and features of apartments on the Upper West Side || The real estate market on the Upper West Side || Financing options for buying an apartment || Working with a real estate agent on the Upper West Side || Conclusion and next steps,100,,6286,31,18,Organization|BreadcrumbList|RealEstateAgent,912,120,87,false,https://montfortre.com/discover-your-dream-home-explore-apartments-for-sale-on-the-upper-west-side/,
/top-10-most-expensive-sold-brownstones-in-harlem,200,true,blog,Top 10 Most Expensive Sold Brownstones in Harlem | Montfort Real Estate,Top 10 Most Expensive Sold Brownstones in Harlem | Montfort Real Estate,true,71,"Discover the standout brownstones in Harlem that not only boast unique styles, but also command top prices.","Discover the standout brownstones in Harlem that not only boast unique styles, but also command top prices.",true,107,https://montfortre.com/top-10-most-expensive-sold-brownstones-in-harlem/,https://montfortre.com/top-10-most-expensive-sold-brownstones-in-harlem/,https://assets.agentfire3.com/uploads/sites/312/2023/11/ChatGPT-Image-11-jun-2026-19-24-02-1024x576.fit.png,https://assets.agentfire3.com/uploads/sites/312/2023/11/ChatGPT-Image-11-jun-2026-19-24-02-1024x576.fit.png,1,Top 10 Most Expensive Sold Brownstones in Harlem,,,10,"1. 17 West 120th Street | $4,500,000 (9/15/2022) | Central Harlem South || 2. 433 West 147th Street | $4,500,000 (4/13/2023) | Hamilton Heights || 3. 469 West 143rd Street | $4,650,000 (1/20/2017) | Hamilton Heights || 4. 19 West 120th Street | $4,700,000 (12/18/2019) | Central Harlem South || 5. 124 East 101st Street | $4,800,000 (8/1/2018) | East Harlem || 6. 326 Convent Ave | $4,950,000 (1/29/2016) | Hamilton Heights || 7. 72 Hamilton Terrace | $5,100,000 (2/2/2018) | Hamilton Heights || 8. 329 West 112th Street | $5,145,000 (1/18/2023)| Morningside Heights || 9. 32 Mt Morris Park West | $6,350,000 (4/6/2022) | Central Harlem South || 10. 2036 5th Ave | $6,995,000 (8/18/2022) | Central Harlem",100,,6601,42,36,Organization|BreadcrumbList|RealEstateAgent,893,128.9,100,false,https://montfortre.com/top-10-most-expensive-sold-brownstones-in-harlem/,
/brownstones-in-new-york-city-for-sale,200,true,blog,How to Find Brownstones in New York City for Sale,How to Find Brownstones in New York City for Sale,true,49,Click this link to discover the top 4 ways to find on and off market brownstones in New York City for sale. 1 or 2 of them might surpise you!,Click this link to discover the top 4 ways to find on and off market brownstones in New York City for sale. 1 or 2 of them might surpise you!,true,141,https://montfortre.com/brownstones-in-new-york-city-for-sale/,https://montfortre.com/brownstones-in-new-york-city-for-sale/,https://assets.agentfire3.com/uploads/sites/312/2023/04/ChatGPT-Image-11-jun-2026-19-29-44-1024x683.fit.png,https://assets.agentfire3.com/uploads/sites/312/2023/04/ChatGPT-Image-11-jun-2026-19-29-44-1024x683.fit.png,1,How to Find Brownstones in New York City for Sale,,,11,Research the Neighborhoods || Find a Realtor || Brownstone Renovations || Brownstone Tenant Issues || Brownstone Regulation Issues || Brownstone Preapprovals || Off-Market Brownstones || Brownstone Pre-foreclosures || Brownstones in Probate || Brownstone Evictions || Stale Brownstone Listings,100,,5151,25,13,Organization|BreadcrumbList|RealEstateAgent,2812,860.8,102,false,https://montfortre.com/brownstones-in-new-york-city-for-sale/,
/demystifying-the-reopening-of-nyc-and-what-it-means-for-real-estate,200,true,blog,Demystifying the Reopening of NYC and What it Means for Real Estate | Montfort Real Estate,Demystifying the Reopening of NYC and What it Means for Real Estate | Montfort Real Estate,true,90,"On June 8, 2020, New York City entered Phase 1 of a four-part reopening plan since the Novel Coronavirus (COVID-19) outbreak was declared a global pandemic by the World Health Organization. The city and state have been under a stay-at-home order since March 22, 2020","On June 8, 2020, New York City entered Phase 1 of a four-part reopening plan since the Novel Coronavirus (COVID-19) outbreak was declared a global pandemic by the World Health Organization. The city and state have been under a stay-at-home order since March 22, 2020",true,266,https://montfortre.com/demystifying-the-reopening-of-nyc-and-what-it-means-for-real-estate/,https://montfortre.com/demystifying-the-reopening-of-nyc-and-what-it-means-for-real-estate/,https://assets.agentfire3.com/uploads/sites/312/2021/07/ChatGPT-Image-11-jun-2026-19-33-45-1024x683.fit.png,https://assets.agentfire3.com/uploads/sites/312/2021/07/ChatGPT-Image-11-jun-2026-19-33-45-1024x683.fit.png,1,Demystifying the Reopening of NYC and What it Means for Real Estate,,,0,,,,4527,16,10,Organization|BreadcrumbList|RealEstateAgent,681,106.3,94,false,https://montfortre.com/demystifying-the-reopening-of-nyc-and-what-it-means-for-real-estate/,
/5-signals-that-the-housing-market-is-on-the-road-to-recovery-post-covid-19,200,true,blog,5 Signs the Housing Market Is Recovering After COVID-19 | Montfort Real Estate,5 Signs the Housing Market Is Recovering After COVID-19 | Montfort Real Estate,true,78,"When the World Health Organization declared the novel Coronavirus (COIVD- 19) a global pandemic, on March11, 2020, every aspect of American’s lives were affected in one way or another.","When the World Health Organization declared the novel Coronavirus (COIVD- 19) a global pandemic, on March11, 2020, every aspect of American’s lives were affected in one way or another.",true,184,https://montfortre.com/5-signals-that-the-housing-market-is-on-the-road-to-recovery-post-covid-19/,https://montfortre.com/5-signals-that-the-housing-market-is-on-the-road-to-recovery-post-covid-19/,https://assets.agentfire3.com/uploads/sites/312/2021/07/ChatGPT-Image-11-jun-2026-19-38-25-1024x683.fit.png,https://assets.agentfire3.com/uploads/sites/312/2021/07/ChatGPT-Image-11-jun-2026-19-38-25-1024x683.fit.png,1,5 Signs the Housing Market Is Recovering After COVID-19,,,0,,,,4590,16,10,Organization|BreadcrumbList|RealEstateAgent,800,105.9,92,false,https://montfortre.com/5-signals-that-the-housing-market-is-on-the-road-to-recovery-post-covid-19/,
/5-reasons-people-are-purchasing-real-estate-in-this-current-market,200,true,blog,5 Reasons to Buy Real Estate in Today’s Market | Montfort Real Estate,5 Reasons to Buy Real Estate in Today’s Market | Montfort Real Estate,true,69,"To say that 2020 has been a challenging year, would be an understatement. Particularly, with the majority of the country being forced to shelter-in-place amid the global coronavirus (COVID-19) pandemic,","To say that 2020 has been a challenging year, would be an understatement. Particularly, with the majority of the country being forced to shelter-in-place amid the global coronavirus (COVID-19) pandemic,",true,202,https://montfortre.com/5-reasons-people-are-purchasing-real-estate-in-this-current-market/,https://montfortre.com/5-reasons-people-are-purchasing-real-estate-in-this-current-market/,https://assets.agentfire3.com/uploads/sites/312/2021/07/ChatGPT-Image-11-jun-2026-19-41-56-1024x683.fit.png,https://assets.agentfire3.com/uploads/sites/312/2021/07/ChatGPT-Image-11-jun-2026-19-41-56-1024x683.fit.png,1,5 Reasons to Buy Real Estate in Today’s Market,,,0,,,,4507,15,9,Organization|BreadcrumbList|RealEstateAgent,954,104.3,91,false,https://montfortre.com/5-reasons-people-are-purchasing-real-estate-in-this-current-market/,
/a-timeline-for-renovating-your-brownstone,200,true,blog,A Timeline for Renovating Your Brownstone | Montfort Real Estate,A Timeline for Renovating Your Brownstone | Montfort Real Estate,true,64,"If you are planning on renovating a Brownstone, give yourself plenty of time and follow this guide for a rough idea of how long it will take and how best to most effectively and efficiently move through the process.","If you are planning on renovating a Brownstone, give yourself plenty of time and follow this guide for a rough idea of how long it will take and how best to most effectively and efficiently move through the process.",true,215,https://montfortre.com/a-timeline-for-renovating-your-brownstone/,https://montfortre.com/a-timeline-for-renovating-your-brownstone/,https://assets.agentfire3.com/uploads/sites/312/2022/08/ChatGPT-Image-11-jun-2026-19-45-32-1024x683.fit.png,https://assets.agentfire3.com/uploads/sites/312/2022/08/ChatGPT-Image-11-jun-2026-19-45-32-1024x683.fit.png,1,A Timeline for Renovating Your Brownstone,,,0,,,,4322,16,10,Organization|BreadcrumbList|RealEstateAgent,899,102.8,92,false,https://montfortre.com/a-timeline-for-renovating-your-brownstone/,
/are-nfts-about-to-go-mainstream-in-real-estate,200,true,blog,Are NFTs About to Go Mainstream in Real Estate? | Montfort Real Estate,Are NFTs About to Go Mainstream in Real Estate? | Montfort Real Estate,true,70,Click here to learn how to buy real estate on the block chain.,Click here to learn how to buy real estate on the block chain.,true,62,https://montfortre.com/are-nfts-about-to-go-mainstream-in-real-estate/,https://montfortre.com/are-nfts-about-to-go-mainstream-in-real-estate/,https://assets.agentfire3.com/uploads/sites/312/2022/07/ChatGPT-Image-11-jun-2026-19-48-53.png,https://montfortre.com/redesign-assets/blog/are-nfts-about-to-go-mainstream-in-real-estate/featured-ChatGPT-Image-11-jun-2026-19-48-53.png,1,Are NFTs About to Go Mainstream in Real Estate?,,,0,,,,4314,15,9,Organization|BreadcrumbList|RealEstateAgent,729,102.9,91,false,https://montfortre.com/are-nfts-about-to-go-mainstream-in-real-estate/,
/co-ownership-and-resolving-property-disputes-in-new-york-city,200,true,blog,Co-Ownership and Resolving Property Disputes in New York City | Montfort Real Estate,Co-Ownership and Resolving Property Disputes in New York City | Montfort Real Estate,true,84,"In New York City, where the cost of living is relatively high compared to other cities in the country, co-ownership of property is quite common.","In New York City, where the cost of living is relatively high compared to other cities in the country, co-ownership of property is quite common.",true,144,https://montfortre.com/co-ownership-and-resolving-property-disputes-in-new-york-city/,https://montfortre.com/co-ownership-and-resolving-property-disputes-in-new-york-city/,https://assets.agentfire3.com/uploads/sites/312/2022/01/ChatGPT-Image-11-jun-2026-19-52-42-1024x683.fit.png,https://assets.agentfire3.com/uploads/sites/312/2022/01/ChatGPT-Image-11-jun-2026-19-52-42-1024x683.fit.png,1,Co-Ownership and Resolving Property Disputes in New York City,,,2,The Role of an Ownership Agreement || How Are Property Disputes Settled Between Co-Owners When There is No Ownership Agreement?,100,,4499,15,9,Organization|BreadcrumbList|RealEstateAgent,630,105,92,false,https://montfortre.com/co-ownership-and-resolving-property-disputes-in-new-york-city/,
/co-ownership-advantages-and-disadvantages-in-nyc,200,true,blog,Co-Ownership in NYC: Pros and Cons | Montfort Real Estate,Co-Ownership in NYC: Pros and Cons | Montfort Real Estate,true,57,Click here to lean the various advantages and disadvantages of co-ownership in NYC.,Click here to lean the various advantages and disadvantages of co-ownership in NYC.,true,83,https://montfortre.com/co-ownership-advantages-and-disadvantages-in-nyc/,https://montfortre.com/co-ownership-advantages-and-disadvantages-in-nyc/,https://assets.agentfire3.com/uploads/sites/312/2022/01/ChatGPT-Image-11-jun-2026-19-55-36-1024x683.fit.png,https://assets.agentfire3.com/uploads/sites/312/2022/01/ChatGPT-Image-11-jun-2026-19-55-36-1024x683.fit.png,5,Co-Ownership in NYC: Pros and Cons || Co-Buying Defined? || Advantages of Co-Buying || Disadvantages of Co-buying || Final Thoughts,,,10,Joint Tenancy || Tenants in Common || LLC Ownership. || Easier Time Qualifying For a Mortgage || Split the Down Payment Between Co-Owners || Start Building a Real Estate Portfolio Sooner || Potentially Higher Interest Rate || Jointly and Severally Liable for Paying the Mortgage || Property Disputes || Co-Owners Can Sell Their Ownership Share,100,,5304,19,13,Organization|BreadcrumbList|RealEstateAgent,715,112.7,96,false,https://montfortre.com/co-ownership-advantages-and-disadvantages-in-nyc/,
/advice-for-buyers-looking-to-purchase-brownstones,200,true,route,Brownstone Buying Guide for Buyers | Montfort Real Estate,Brownstone Buying Guide for Buyers | Montfort Real Estate,true,57,"If you believe that purchasing a brownstone in New York City is for you, click here for all the details about what you should expect when you purchase and own a brownstone in New York City.","If you believe that purchasing a brownstone in New York City is for you, click here for all the details about what you should expect when you purchase and own a brownstone in New York City.",true,189,https://montfortre.com/advice-for-buyers-looking-to-purchase-brownstones/,https://montfortre.com/advice-for-buyers-looking-to-purchase-brownstones/,https://assets.agentfire3.com/uploads/sites/312/2021/07/ChatGPT-Image-11-jun-2026-20-00-10-1024x683.fit.png,https://montfortre.com/redesign-assets/og/brownstone-guide-1024.png,1,Brownstone Buying Guide for Buyers,Brownstone Buying Guide for Buyers,true,0,,,,5143,17,11,Organization|BreadcrumbList|RealEstateAgent,393,109.3,95,false,https://montfortre.com/advice-for-buyers-looking-to-purchase-brownstones/,